country_code,country,year,gci_value,gci_rank
AGO,Angola,2011,2.93481279,138
AGO,Angola,2012,2.961497681,139
AGO,Angola,2014,3.147254212,142
AGO,Angola,2015,3.037738474,140
ALB,Albania,2008,3.482580215,109
ALB,Albania,2009,3.550002867,108
ALB,Albania,2010,3.724123922,96
ALB,Albania,2011,3.943731275,88
ALB,Albania,2012,4.06377645,78
ALB,Albania,2013,3.906493962,89
ALB,Albania,2014,3.84696424,95
ALB,Albania,2015,3.835856618,97
ALB,Albania,2016,3.92667661,93
ALB,Albania,2017,4.056030839,80
ALB,Albania,2018,4.18499087265881,75
ARE,United Arab Emirates,2008,4.495464832,37
ARE,United Arab Emirates,2009,4.679805176,31
ARE,United Arab Emirates,2010,4.918123053,23
ARE,United Arab Emirates,2011,4.889271478,25
ARE,United Arab Emirates,2012,4.890963021,27
ARE,United Arab Emirates,2013,5.068156814,24
ARE,United Arab Emirates,2014,5.106289421,19
ARE,United Arab Emirates,2015,5.32653104,12
ARE,United Arab Emirates,2016,5.240404916,17
ARE,United Arab Emirates,2017,5.262683783,16
ARE,United Arab Emirates,2018,5.29672995251245,17
ARG,Argentina,2008,3.874690438,85
ARG,Argentina,2009,3.873598033,88
ARG,Argentina,2010,3.909176693,85
ARG,Argentina,2011,3.949235396,87
ARG,Argentina,2012,3.994582217,85
ARG,Argentina,2013,3.873581456,94
ARG,Argentina,2014,3.762859197,104
ARG,Argentina,2015,3.79441218,104
ARG,Argentina,2016,3.792527041,106
ARG,Argentina,2017,3.811176413,104
ARG,Argentina,2018,3.95094358935839,92
ARM,Armenia,2008,3.758293248,93
ARM,Armenia,2009,3.725373473,97
ARM,Armenia,2010,3.710936346,97
ARM,Armenia,2011,3.758017258,98
ARM,Armenia,2012,3.887752279,92
ARM,Armenia,2013,4.022190017,82
ARM,Armenia,2014,4.102263363,79
ARM,Armenia,2015,4.007344028,85
ARM,Armenia,2016,4.009698321,82
ARM,Armenia,2017,4.073255115,79
ARM,Armenia,2018,4.19149807249985,73
AUS,Australia,2008,5.171178377,19
AUS,Australia,2009,5.199893685,18
AUS,Australia,2010,5.153625588,15
AUS,Australia,2011,5.111644871,16
AUS,Australia,2012,5.11024481,20
AUS,Australia,2013,5.115229558,20
AUS,Australia,2014,5.092346111,21
AUS,Australia,2015,5.084064171,22
AUS,Australia,2016,5.148697265,21
AUS,Australia,2017,5.189371749,22
AUS,Australia,2018,5.19151139395302,21
AUT,Austria,2008,5.22601693,15
AUT,Austria,2009,5.227882613,14
AUT,Austria,2010,5.1314203880000004,17
AUT,Austria,2011,5.088419454,18
AUT,Austria,2012,5.138426146,19
AUT,Austria,2013,5.219718663,16
AUT,Austria,2014,5.150925183,16
AUT,Austria,2015,5.156103122,21
AUT,Austria,2016,5.118491275,23
AUT,Austria,2017,5.221203902,19
AUT,Austria,2018,5.24664909082112,18
AZE,Azerbaijan,2008,4.066182779,66
AZE,Azerbaijan,2009,4.10181137,69
AZE,Azerbaijan,2010,4.300091506,51
AZE,Azerbaijan,2011,4.288068344,57
AZE,Azerbaijan,2012,4.313757132,55
AZE,Azerbaijan,2013,4.410829867,46
AZE,Azerbaijan,2014,4.513738201,39
AZE,Azerbaijan,2015,4.530560572,38
AZE,Azerbaijan,2016,4.504303915,40
AZE,Azerbaijan,2017,4.554671203,37
AZE,Azerbaijan,2018,4.69025579109785,35
BDI,Burundi,2008,2.837220408,130
BDI,Burundi,2009,2.981466001,132
BDI,Burundi,2010,2.576854777,133
BDI,Burundi,2011,2.958383986,137
BDI,Burundi,2012,2.949968214,140
BDI,Burundi,2013,2.779489878,144
BDI,Burundi,2014,2.917339393,146
BDI,Burundi,2015,3.090687783,139
BDI,Burundi,2016,3.112000525,136
BDI,Burundi,2017,3.058948641,135
BDI,Burundi,2018,3.2145879280251,129
BEL,Belgium,2008,5.100479987,20
BEL,Belgium,2009,5.136510647,19
BEL,Belgium,2010,5.091830247,18
BEL,Belgium,2011,5.070722771,19
BEL,Belgium,2012,5.200068889,15
BEL,Belgium,2013,5.210853617,17
BEL,Belgium,2014,5.134750978,17
BEL,Belgium,2015,5.177676214,18
BEL,Belgium,2016,5.200861789,19
BEL,Belgium,2017,5.252363463,17
BEL,Belgium,2018,5.22506307377279,20
BEN,Benin,2008,3.488757757,108
BEN,Benin,2009,3.563144704,106
BEN,Benin,2010,3.564541422,103
BEN,Benin,2011,3.688609306,103
BEN,Benin,2012,3.776693671,104
BEN,Benin,2013,3.613024801,119
BEN,Benin,2014,3.44600671,130
BEN,Benin,2016,3.548701979,122
BEN,Benin,2017,3.469706661,124
BEN,Benin,2018,3.47231937574942,120
BFA,Burkina Faso,2008,3.425164686,112
BFA,Burkina Faso,2009,3.360302775,127
BFA,Burkina Faso,2010,3.231383318,128
BFA,Burkina Faso,2011,3.19662022,134
BFA,Burkina Faso,2012,3.25296439,136
BFA,Burkina Faso,2013,3.341950476,133
BFA,Burkina Faso,2014,3.206124497,140
BFA,Burkina Faso,2015,3.205015084,135
BGD,Bangladesh,2008,3.547942068,107
BGD,Bangladesh,2009,3.508132347,111
BGD,Bangladesh,2010,3.550550143,106
BGD,Bangladesh,2011,3.644469887,107
BGD,Bangladesh,2012,3.73089623,108
BGD,Bangladesh,2013,3.647050556,118
BGD,Bangladesh,2014,3.707335632,110
BGD,Bangladesh,2015,3.719410933,109
BGD,Bangladesh,2016,3.763285176,107
BGD,Bangladesh,2017,3.796966228,106
BGD,Bangladesh,2018,3.90603826898589,99
BGR,Bulgaria,2008,3.9284841,79
BGR,Bulgaria,2009,4.034262201,76
BGR,Bulgaria,2010,4.022692227,76
BGR,Bulgaria,2011,4.126815611,71
BGR,Bulgaria,2012,4.162462187,74
BGR,Bulgaria,2013,4.27297864,62
BGR,Bulgaria,2014,4.308513705,57
BGR,Bulgaria,2015,4.367386279,54
BGR,Bulgaria,2016,4.319409097,54
BGR,Bulgaria,2017,4.440103936,50
BGR,Bulgaria,2018,4.46319380259429,49
BHR,Bahrain,2008,4.421329667,43
BHR,Bahrain,2009,4.567022536,37
BHR,Bahrain,2010,4.541910364,38
BHR,Bahrain,2011,4.543871334,37
BHR,Bahrain,2012,4.536354905,37
BHR,Bahrain,2013,4.626170305,35
BHR,Bahrain,2014,4.454309453,43
BHR,Bahrain,2015,4.475510816,44
BHR,Bahrain,2016,4.515511869,39
BHR,Bahrain,2017,4.472268263,48
BHR,Bahrain,2018,4.5385188035575,44
BIH,Bosnia and Herzegovina,2008,3.550743446,106
BIH,Bosnia and Herzegovina,2009,3.558361669,107
BIH,Bosnia and Herzegovina,2010,3.526476988,109
BIH,Bosnia and Herzegovina,2011,3.700965318,102
BIH,Bosnia and Herzegovina,2012,3.827731393,100
BIH,Bosnia and Herzegovina,2013,3.934426683,88
BIH,Bosnia and Herzegovina,2014,4.015300225,87
BIH,Bosnia and Herzegovina,2016,3.705381434,111
BIH,Bosnia and Herzegovina,2017,3.795947061,107
BIH,Bosnia and Herzegovina,2018,3.86872750991823,103
BLZ,Belize,2012,3.523032639,123
BOL,Bolivia,2008,3.552823848,105
BOL,Bolivia,2009,3.423081354,118
BOL,Bolivia,2010,3.419163507,120
BOL,Bolivia,2011,3.637695292,108
BOL,Bolivia,2012,3.815886815,103
BOL,Bolivia,2013,3.77683874,104
BOL,Bolivia,2014,3.842482159,98
BOL,Bolivia,2015,3.773034131,105
BOL,Bolivia,2016,3.604097124,117
BOL,Bolivia,2017,3.537105725,121
BRA,Brazil,2008,3.985320011,72
BRA,Brazil,2009,4.134053141,64
BRA,Brazil,2010,4.227963171,56
BRA,Brazil,2011,4.284179197,58
BRA,Brazil,2012,4.320281798,53
BRA,Brazil,2013,4.40053032,48
BRA,Brazil,2014,4.327641289,56
BRA,Brazil,2015,4.33740973,57
BRA,Brazil,2016,4.077982136,75
BRA,Brazil,2017,4.056020771,81
BRA,Brazil,2018,4.13515374554329,80
BRB,Barbados,2008,4.320771881,50
BRB,Barbados,2009,4.395272148,47
BRB,Barbados,2010,4.351231181,44
BRB,Barbados,2011,4.450936653,43
BRB,Barbados,2012,4.438508741,42
BRB,Barbados,2013,4.417265399,44
BRB,Barbados,2014,4.423310428,47
BRB,Barbados,2015,4.359197365,55
BRB,Barbados,2017,4.187575518,72
BRN,Brunei Darussalam,2009,4.539031164,39
BRN,Brunei Darussalam,2010,4.640801925,32
BRN,Brunei Darussalam,2011,4.75261985,28
BRN,Brunei Darussalam,2012,4.77940343,28
BRN,Brunei Darussalam,2013,4.87468936,28
BRN,Brunei Darussalam,2014,4.948310405,26
BRN,Brunei Darussalam,2017,4.349960048,58
BRN,Brunei Darussalam,2018,4.51520398263287,46
BTN,Bhutan,2014,3.731485856,109
BTN,Bhutan,2015,3.796969357,103
BTN,Bhutan,2016,3.798447217,105
BTN,Bhutan,2017,3.874423437,97
BTN,Bhutan,2018,4.09953901050216,82
BWA,Botswana,2008,3.959905819,76
BWA,Botswana,2009,4.246213444,56
BWA,Botswana,2010,4.075860174,66
BWA,Botswana,2011,4.051578558,76
BWA,Botswana,2012,4.047074537,80
BWA,Botswana,2013,4.056525484,79
BWA,Botswana,2014,4.13340703,74
BWA,Botswana,2015,4.150253928,74
BWA,Botswana,2016,4.190285094,71
BWA,Botswana,2017,4.290806175,64
BWA,Botswana,2018,4.30354473329611,63
CAN,Canada,2008,5.343123123,13
CAN,Canada,2009,5.374122362,10
CAN,Canada,2010,5.330384017,9
CAN,Canada,2011,5.301185836,10
CAN,Canada,2012,5.332431546,12
CAN,Canada,2013,5.269808343,14
CAN,Canada,2014,5.199505422,14
CAN,Canada,2015,5.242628821,15
CAN,Canada,2016,5.307835273,13
CAN,Canada,2017,5.273980498,15
CAN,Canada,2018,5.34884391066856,14
CHE,Switzerland,2008,5.617542906,2
CHE,Switzerland,2009,5.606938593,2
CHE,Switzerland,2010,5.596882551,1
CHE,Switzerland,2011,5.630077683,1
CHE,Switzerland,2012,5.737474042,1
CHE,Switzerland,2013,5.721825731,1
CHE,Switzerland,2014,5.665717003,1
CHE,Switzerland,2015,5.703617663,1
CHE,Switzerland,2016,5.759233533,1
CHE,Switzerland,2017,5.807662238,1
CHE,Switzerland,2018,5.85773447487863,1
CHL,Chile,2008,4.765342435,26
CHL,Chile,2009,4.722225337,28
CHL,Chile,2010,4.695982917,30
CHL,Chile,2011,4.691964796,30
CHL,Chile,2012,4.703154888,31
CHL,Chile,2013,4.647511104,33
CHL,Chile,2014,4.607050648,34
CHL,Chile,2015,4.59871567,33
CHL,Chile,2016,4.582143077,35
CHL,Chile,2017,4.64331549,33
CHL,Chile,2018,4.70863106303864,33
CHN,China,2008,4.565804746,34
CHN,China,2009,4.69853222,30
CHN,China,2010,4.736537774,29
CHN,China,2011,4.835890667,27
CHN,China,2012,4.897789104,26
CHN,China,2013,4.828238768,29
CHN,China,2014,4.836338501,29
CHN,China,2015,4.890826291,28
CHN,China,2016,4.889107737,28
CHN,China,2017,4.952076048,28
CHN,China,2018,5.00196830954294,27
CIV,Cote d'Ivoire,2009,3.514596423,110
CIV,Cote d'Ivoire,2010,3.433507733,116
CIV,Cote d'Ivoire,2011,3.349197327,129
CIV,Cote d'Ivoire,2012,3.371541661,129
CIV,Cote d'Ivoire,2013,3.355947913,131
CIV,Cote d'Ivoire,2014,3.496604021,126
CIV,Cote d'Ivoire,2015,3.674892606,115
CIV,Cote d'Ivoire,2016,3.931534244,91
CIV,Cote d'Ivoire,2017,3.864494317,99
CMR,Cameroon,2008,3.368891904,116
CMR,Cameroon,2009,3.484623346,114
CMR,Cameroon,2010,3.503854318,111
CMR,Cameroon,2011,3.578206131,111
CMR,Cameroon,2012,3.606858475,116
CMR,Cameroon,2013,3.693544359,112
CMR,Cameroon,2014,3.678415662,115
CMR,Cameroon,2015,3.664646763,116
CMR,Cameroon,2016,3.68624669,114
CMR,Cameroon,2017,3.584602663,119
CMR,Cameroon,2018,3.65121604861013,116
COD,"Congo, Dem. Rep.",2017,3.288350772,129
COD,"Congo, Dem. Rep.",2018,3.26981568017157,126
COL,Colombia,2008,4.042987368,69
COL,Colombia,2009,4.04899675,74
COL,Colombia,2010,4.0537743,69
COL,Colombia,2011,4.142385827,68
COL,Colombia,2012,4.202906771,68
COL,Colombia,2013,4.183062665,69
COL,Colombia,2014,4.192899088,69
COL,Colombia,2015,4.232444341,66
COL,Colombia,2016,4.27820787,61
COL,Colombia,2017,4.296567642,61
COL,Colombia,2018,4.28835108679131,66
CPV,Cabo Verde,2011,3.514547748,117
CPV,Cabo Verde,2012,3.576884362,119
CPV,Cabo Verde,2013,3.546567203,122
CPV,Cabo Verde,2014,3.530510907,122
CPV,Cabo Verde,2015,3.675267087,114
CPV,Cabo Verde,2016,3.703961151,112
CPV,Cabo Verde,2017,3.761129713,110
CPV,Cabo Verde,2018,3.76021626334003,110
CRI,Costa Rica,2008,4.10509605,63
CRI,Costa Rica,2009,4.232993741,59
CRI,Costa Rica,2010,4.246573209,55
CRI,Costa Rica,2011,4.310461143,56
CRI,Costa Rica,2012,4.265219702,61
CRI,Costa Rica,2013,4.335628651,57
CRI,Costa Rica,2014,4.347728302,54
CRI,Costa Rica,2015,4.415453502,51
CRI,Costa Rica,2016,4.333676411,52
CRI,Costa Rica,2017,4.40566678,54
CRI,Costa Rica,2018,4.49707394327983,47
CYP,Cyprus,2008,4.228155528,55
CYP,Cyprus,2009,4.525087632,40
CYP,Cyprus,2010,4.565590957,34
CYP,Cyprus,2011,4.504985951,40
CYP,Cyprus,2012,4.364387448,47
CYP,Cyprus,2013,4.322649934,58
CYP,Cyprus,2014,4.300420458,58
CYP,Cyprus,2015,4.305410275,58
CYP,Cyprus,2016,4.229735158,65
CYP,Cyprus,2017,4.035374622,83
CYP,Cyprus,2018,4.29856659594089,64
CZE,Czech Republic,2008,4.577293188,33
CZE,Czech Republic,2009,4.617495948,33
CZE,Czech Republic,2010,4.665120961,31
CZE,Czech Republic,2011,4.569366564,36
CZE,Czech Republic,2012,4.521353881,38
CZE,Czech Republic,2013,4.512250359,39
CZE,Czech Republic,2014,4.433402409,46
CZE,Czech Republic,2015,4.533461006,37
CZE,Czech Republic,2016,4.686014619,31
CZE,Czech Republic,2017,4.717944184,31
CZE,Czech Republic,2018,4.77446986303747,31
DEU,Germany,2008,5.511080739,5
DEU,Germany,2009,5.464829336,7
DEU,Germany,2010,5.370994203,7
DEU,Germany,2011,5.387120686,5
DEU,Germany,2012,5.413161428,6
DEU,Germany,2013,5.477261648,6
DEU,Germany,2014,5.509836179,4
DEU,Germany,2015,5.487772749,5
DEU,Germany,2016,5.528569085,4
DEU,Germany,2017,5.567857423,5
DEU,Germany,2018,5.65483990533034,5
DNK,Denmark,2008,5.553628495,3
DNK,Denmark,2009,5.583203425,3
DNK,Denmark,2010,5.462374503,5
DNK,Denmark,2011,5.318880427,9
DNK,Denmark,2012,5.401210502,8
DNK,Denmark,2013,5.285901692,12
DNK,Denmark,2014,5.176960372,15
DNK,Denmark,2015,5.285966966,13
DNK,Denmark,2016,5.334157899,12
DNK,Denmark,2017,5.347623453,12
DNK,Denmark,2018,5.39074083392161,12
DOM,Dominican Republic,2008,3.653055986,96
DOM,Dominican Republic,2009,3.718183931,98
DOM,Dominican Republic,2010,3.75309054,95
DOM,Dominican Republic,2011,3.721812384,101
DOM,Dominican Republic,2012,3.726350187,110
DOM,Dominican Republic,2013,3.771930676,105
DOM,Dominican Republic,2014,3.758958313,105
DOM,Dominican Republic,2015,3.819786913,101
DOM,Dominican Republic,2016,3.856626578,98
DOM,Dominican Republic,2017,3.939260669,92
DOM,Dominican Republic,2018,3.86527551649582,104
DZA,Algeria,2008,3.908777866,81
DZA,Algeria,2009,3.71224713,99
DZA,Algeria,2010,3.949210876,83
DZA,Algeria,2011,3.957176853,86
DZA,Algeria,2012,3.958422237,87
DZA,Algeria,2013,3.716077001,110
DZA,Algeria,2014,3.793697731,100
DZA,Algeria,2015,4.081127498,79
DZA,Algeria,2016,3.967092516,87
DZA,Algeria,2017,3.983432294,87
DZA,Algeria,2018,4.0655001934137,86
ECU,Ecuador,2008,3.571160234,103
ECU,Ecuador,2009,3.577647453,104
ECU,Ecuador,2010,3.556652573,105
ECU,Ecuador,2011,3.651663559,105
ECU,Ecuador,2012,3.822890454,101
ECU,Ecuador,2013,3.941704043,86
ECU,Ecuador,2014,4.178090111,71
ECU,Ecuador,2016,4.072767987,76
ECU,Ecuador,2017,3.95502649,91
ECU,Ecuador,2018,3.91432107921029,97
EGY,"Egypt, Arab Rep.",2008,3.957143824,77
EGY,"Egypt, Arab Rep.",2009,3.984351073,81
EGY,"Egypt, Arab Rep.",2010,4.044878513,70
EGY,"Egypt, Arab Rep.",2011,3.996280616,81
EGY,"Egypt, Arab Rep.",2012,3.879084047,94
EGY,"Egypt, Arab Rep.",2013,3.731461072,107
EGY,"Egypt, Arab Rep.",2014,3.627311731,118
EGY,"Egypt, Arab Rep.",2015,3.601107739,119
EGY,"Egypt, Arab Rep.",2016,3.660038757,116
EGY,"Egypt, Arab Rep.",2017,3.67480865,115
EGY,"Egypt, Arab Rep.",2018,3.90349458382337,100
ESP,Spain,2008,4.662866515,29
ESP,Spain,2009,4.716755533,29
ESP,Spain,2010,4.585913399,33
ESP,Spain,2011,4.493409855,42
ESP,Spain,2012,4.538204674,36
ESP,Spain,2013,4.598155481,36
ESP,Spain,2014,4.574694388,35
ESP,Spain,2015,4.545584243,35
ESP,Spain,2016,4.586733293,33
ESP,Spain,2017,4.675005104,32
ESP,Spain,2018,4.70040305437433,34
EST,Estonia,2008,4.74428227,27
EST,Estonia,2009,4.670693984,32
EST,Estonia,2010,4.560167625,35
EST,Estonia,2011,4.608108753,33
EST,Estonia,2012,4.617458178,33
EST,Estonia,2013,4.643361493,34
EST,Estonia,2014,4.650644198,32
EST,Estonia,2015,4.7144187,29
EST,Estonia,2016,4.735536841,30
EST,Estonia,2017,4.784189869,30
EST,Estonia,2018,4.84988227627951,29
ETH,Ethiopia,2008,3.280945449,123
ETH,Ethiopia,2009,3.411366488,121
ETH,Ethiopia,2010,3.428726481,118
ETH,Ethiopia,2011,3.508683671,119
ETH,Ethiopia,2012,3.764020138,106
ETH,Ethiopia,2013,3.556165323,121
ETH,Ethiopia,2014,3.495890461,127
ETH,Ethiopia,2015,3.602279289,118
ETH,Ethiopia,2016,3.744684171,109
ETH,Ethiopia,2017,3.768913008,109
ETH,Ethiopia,2018,3.78153769863548,108
FIN,Finland,2008,5.487548434,6
FIN,Finland,2009,5.497900332,6
FIN,Finland,2010,5.431779054,6
FIN,Finland,2011,5.366399665,7
FIN,Finland,2012,5.467760967,4
FIN,Finland,2013,5.546050029,3
FIN,Finland,2014,5.53852343,3
FIN,Finland,2015,5.501069506,4
FIN,Finland,2016,5.451497397,8
FIN,Finland,2017,5.444375891,10
FIN,Finland,2018,5.48940455953328,10
FRA,France,2008,5.180996722,18
FRA,France,2009,5.218339453,16
FRA,France,2010,5.132552756,16
FRA,France,2011,5.126924754,15
FRA,France,2012,5.139706426,18
FRA,France,2013,5.109029733,21
FRA,France,2014,5.052727777,23
FRA,France,2015,5.076137006,23
FRA,France,2016,5.12761916,22
FRA,France,2017,5.201563549,21
FRA,France,2018,5.1795114995101,22
GAB,Gabon,2013,3.822336041,99
GAB,Gabon,2014,3.699750991,112
GAB,Gabon,2015,3.743497464,106
GAB,Gabon,2016,3.831686845,103
GAB,Gabon,2017,3.789593097,108
GBR,United Kingdom,2008,5.414959662,9
GBR,United Kingdom,2009,5.296718876,12
GBR,United Kingdom,2010,5.189005941,13
GBR,United Kingdom,2011,5.252708617,12
GBR,United Kingdom,2012,5.388077921,10
GBR,United Kingdom,2013,5.449578033,8
GBR,United Kingdom,2014,5.368752464,10
GBR,United Kingdom,2015,5.414803206,9
GBR,United Kingdom,2016,5.43366366,10
GBR,United Kingdom,2017,5.489758133,7
GBR,United Kingdom,2018,5.50682388173281,8
GEO,Georgia,2008,3.83126147,90
GEO,Georgia,2009,3.859946363,90
GEO,Georgia,2010,3.809323497,90
GEO,Georgia,2011,3.864231105,93
GEO,Georgia,2012,3.952103562,88
GEO,Georgia,2013,4.072460974,77
GEO,Georgia,2014,4.151021567,72
GEO,Georgia,2015,4.219428122,69
GEO,Georgia,2016,4.222069636,66
GEO,Georgia,2017,4.323538509,59
GEO,Georgia,2018,4.27886234312509,67
GHA,Ghana,2009,3.616139933,102
GHA,Ghana,2010,3.448062477,114
GHA,Ghana,2011,3.55568976,114
GHA,Ghana,2012,3.64915433,114
GHA,Ghana,2013,3.792629136,103
GHA,Ghana,2014,3.693773108,114
GHA,Ghana,2015,3.713529283,111
GHA,Ghana,2016,3.582722052,119
GHA,Ghana,2017,3.679439434,114
GHA,Ghana,2018,3.72270246361418,111
GIN,Guinea,2013,2.904048503,141
GIN,Guinea,2014,2.912091148,147
GIN,Guinea,2015,2.79292618,144
GIN,Guinea,2016,2.841114671,140
GIN,Guinea,2018,3.47456734942791,119
GMB,"Gambia, The",2008,3.590930925,102
GMB,"Gambia, The",2009,3.883079287,87
GMB,"Gambia, The",2010,3.955031023,81
GMB,"Gambia, The",2011,3.900730573,90
GMB,"Gambia, The",2012,3.842168752,99
GMB,"Gambia, The",2013,3.830094995,98
GMB,"Gambia, The",2014,3.673491557,116
GMB,"Gambia, The",2015,3.525482381,125
GMB,"Gambia, The",2016,3.483212717,123
GMB,"Gambia, The",2017,3.471848547,123
GMB,"Gambia, The",2018,3.60521102536599,117
GRC,Greece,2008,4.077821508,65
GRC,Greece,2009,4.106174381,67
GRC,Greece,2010,4.04004676,71
GRC,Greece,2011,3.985162861,83
GRC,Greece,2012,3.91546299,90
GRC,Greece,2013,3.859568124,96
GRC,Greece,2014,3.928124195,91
GRC,Greece,2015,4.035879278,81
GRC,Greece,2016,4.024446442,81
GRC,Greece,2017,3.998923572,86
GRC,Greece,2018,4.02173418115879,87
GTM,Guatemala,2008,3.860268945,87
GTM,Guatemala,2009,3.94060613,84
GTM,Guatemala,2010,3.957857775,80
GTM,Guatemala,2011,4.03621103,78
GTM,Guatemala,2012,3.997117492,84
GTM,Guatemala,2013,4.009427984,83
GTM,Guatemala,2014,4.039780692,86
GTM,Guatemala,2015,4.098569819,78
GTM,Guatemala,2016,4.054435319,78
GTM,Guatemala,2017,4.079965115,78
GTM,Guatemala,2018,4.08475554836129,84
GUY,Guyana,2008,3.248735228,126
GUY,Guyana,2009,3.470171906,115
GUY,Guyana,2010,3.557149581,104
GUY,Guyana,2011,3.621123443,110
GUY,Guyana,2012,3.730321731,109
GUY,Guyana,2013,3.730756531,109
GUY,Guyana,2014,3.771217748,102
GUY,Guyana,2015,3.648702368,117
GUY,Guyana,2016,3.556451488,121
HKG,Hong Kong,2008,5.37208626,12
HKG,Hong Kong,2009,5.329753772,11
HKG,Hong Kong,2010,5.223460076,11
HKG,Hong Kong,2011,5.301121512,11
HKG,Hong Kong,2012,5.356504328,11
HKG,Hong Kong,2013,5.414841362,9
HKG,Hong Kong,2014,5.46665212,7
HKG,Hong Kong,2015,5.456363465,7
HKG,Hong Kong,2016,5.462263104,7
HKG,Hong Kong,2017,5.475938878,9
HKG,Hong Kong,2018,5.53230499133494,6
HND,Honduras,2008,3.892125131,83
HND,Honduras,2009,3.975948918,82
HND,Honduras,2010,3.856389379,89
HND,Honduras,2011,3.893054879,91
HND,Honduras,2012,3.976860818,86
HND,Honduras,2013,3.881813983,90
HND,Honduras,2014,3.702663306,111
HND,Honduras,2015,3.820673735,100
HND,Honduras,2016,3.95188618,88
HND,Honduras,2017,3.980008682,88
HND,Honduras,2018,3.91731910992862,96
HRV,Croatia,2008,4.202051727,57
HRV,Croatia,2009,4.22060933,61
HRV,Croatia,2010,4.033583753,72
HRV,Croatia,2011,4.038294837,77
HRV,Croatia,2012,4.081636739,76
HRV,Croatia,2013,4.041668097,81
HRV,Croatia,2014,4.126225617,75
HRV,Croatia,2015,4.128486398,77
HRV,Croatia,2016,4.06907741,77
HRV,Croatia,2017,4.148113055,74
HRV,Croatia,2018,4.19061564760707,74
HTI,Haiti,2012,2.903408698,141
HTI,Haiti,2013,2.90040342,142
HTI,Haiti,2014,3.107266358,143
HTI,Haiti,2015,3.142873175,137
HTI,Haiti,2016,3.17661687,134
HTI,Haiti,2018,3.21605742353796,128
HUN,Hungary,2008,4.351519833,47
HUN,Hungary,2009,4.219842045,62
HUN,Hungary,2010,4.216174037,58
HUN,Hungary,2011,4.3271719300000004,52
HUN,Hungary,2012,4.361931551,48
HUN,Hungary,2013,4.302573318,60
HUN,Hungary,2014,4.248446371,63
HUN,Hungary,2015,4.280141322,60
HUN,Hungary,2016,4.245502324,63
HUN,Hungary,2017,4.20358773,69
HUN,Hungary,2018,4.32659021462243,60
IDN,Indonesia,2008,4.238113521,54
IDN,Indonesia,2009,4.253537382,55
IDN,Indonesia,2010,4.261823587,54
IDN,Indonesia,2011,4.430208351,44
IDN,Indonesia,2012,4.376829714,46
IDN,Indonesia,2013,4.395312392,50
IDN,Indonesia,2014,4.53048984,38
IDN,Indonesia,2015,4.571130321,34
IDN,Indonesia,2016,4.521913605,37
IDN,Indonesia,2017,4.518734652,41
IDN,Indonesia,2018,4.68151300839946,36
IND,India,2008,4.333990065,48
IND,India,2009,4.326407603,50
IND,India,2010,4.303131024,49
IND,India,2011,4.328038334,51
IND,India,2012,4.304978362,56
IND,India,2013,4.320790911,59
IND,India,2014,4.280034851,60
IND,India,2015,4.207461148,71
IND,India,2016,4.310823724,55
IND,India,2017,4.524944369,39
IND,India,2018,4.58670665138916,40
IRL,Ireland,2008,5.02542855,22
IRL,Ireland,2009,4.991218942,22
IRL,Ireland,2010,4.835067667,25
IRL,Ireland,2011,4.742184061,29
IRL,Ireland,2012,4.772074781,29
IRL,Ireland,2013,4.908764852,27
IRL,Ireland,2014,4.922404888,28
IRL,Ireland,2015,4.979460042,25
IRL,Ireland,2016,5.113028422,24
IRL,Ireland,2017,5.176516896,23
IRL,Ireland,2018,5.15846765472335,24
IRN,"Iran, Islamic Rep.",2011,4.139756481,69
IRN,"Iran, Islamic Rep.",2012,4.257197595,62
IRN,"Iran, Islamic Rep.",2013,4.21638429,66
IRN,"Iran, Islamic Rep.",2014,4.071212553,82
IRN,"Iran, Islamic Rep.",2015,4.028662206,83
IRN,"Iran, Islamic Rep.",2016,4.085267656,74
IRN,"Iran, Islamic Rep.",2017,4.120790718,76
IRN,"Iran, Islamic Rep.",2018,4.27007012498,69
ISL,Iceland,2008,5.021573417,23
ISL,Iceland,2009,5.049699382,20
ISL,Iceland,2010,4.802901469,26
ISL,Iceland,2011,4.680916785,31
ISL,Iceland,2012,4.747051232,30
ISL,Iceland,2013,4.735178568,30
ISL,Iceland,2014,4.663647252,31
ISL,Iceland,2015,4.707105004,30
ISL,Iceland,2016,4.830507781,29
ISL,Iceland,2017,4.956303442,27
ISL,Iceland,2018,4.99306810913864,28
ISR,Israel,2008,5.199609463,17
ISR,Israel,2009,4.966056971,23
ISR,Israel,2010,4.796132179,27
ISR,Israel,2011,4.911070072,24
ISR,Israel,2012,5.072616143,22
ISR,Israel,2013,5.015851961,26
ISR,Israel,2014,4.943741365,27
ISR,Israel,2015,4.9488,27
ISR,Israel,2016,4.981668889,27
ISR,Israel,2017,5.175335989,24
ISR,Israel,2018,5.31234448682334,16
ITA,Italy,2008,4.358001465,46
ITA,Italy,2009,4.354328142,49
ITA,Italy,2010,4.308563651,48
ITA,Italy,2011,4.366899335,48
ITA,Italy,2012,4.426741505,43
ITA,Italy,2013,4.455693918,42
ITA,Italy,2014,4.406695717,49
ITA,Italy,2015,4.418062515,49
ITA,Italy,2016,4.458028084,43
ITA,Italy,2017,4.503397929,44
ITA,Italy,2018,4.54212043218233,43
JAM,Jamaica,2008,3.948279388,78
JAM,Jamaica,2009,3.888723974,86
JAM,Jamaica,2010,3.807770542,91
JAM,Jamaica,2011,3.854064091,95
JAM,Jamaica,2012,3.761477395,107
JAM,Jamaica,2013,3.835268649,97
JAM,Jamaica,2014,3.856667676,94
JAM,Jamaica,2015,3.977982935,86
JAM,Jamaica,2016,3.972834064,86
JAM,Jamaica,2017,4.131520594,75
JAM,Jamaica,2018,4.24695740015191,70
JOR,Jordan,2008,4.322532547,49
JOR,Jordan,2009,4.374212963,48
JOR,Jordan,2010,4.303027514,50
JOR,Jordan,2011,4.206736914,65
JOR,Jordan,2012,4.186953733,71
JOR,Jordan,2013,4.232557789,64
JOR,Jordan,2014,4.197408133,68
JOR,Jordan,2015,4.254441636,64
JOR,Jordan,2016,4.233400197,64
JOR,Jordan,2017,4.293253245,63
JOR,Jordan,2018,4.2974846732359,65
JPN,Japan,2008,5.426291059,8
JPN,Japan,2009,5.375313648,9
JPN,Japan,2010,5.369901533,8
JPN,Japan,2011,5.369310482,6
JPN,Japan,2012,5.396210756,9
JPN,Japan,2013,5.395760742,10
JPN,Japan,2014,5.397819532,9
JPN,Japan,2015,5.472572939,6
JPN,Japan,2016,5.466181785,6
JPN,Japan,2017,5.480508954,8
JPN,Japan,2018,5.49493788515353,9
KAZ,Kazakhstan,2008,4.138443191,61
KAZ,Kazakhstan,2009,4.106512939,66
KAZ,Kazakhstan,2010,4.07558991,67
KAZ,Kazakhstan,2011,4.119334185,72
KAZ,Kazakhstan,2012,4.184794473,72
KAZ,Kazakhstan,2013,4.37614469,51
KAZ,Kazakhstan,2014,4.406395713,50
KAZ,Kazakhstan,2015,4.416021368,50
KAZ,Kazakhstan,2016,4.484946671,42
KAZ,Kazakhstan,2017,4.406562341,53
KAZ,Kazakhstan,2018,4.34987035325027,57
KEN,Kenya,2008,3.61125042,99
KEN,Kenya,2009,3.839273404,93
KEN,Kenya,2010,3.665231747,98
KEN,Kenya,2011,3.645182222,106
KEN,Kenya,2012,3.821529134,102
KEN,Kenya,2013,3.748383107,106
KEN,Kenya,2014,3.845140384,96
KEN,Kenya,2015,3.933889156,90
KEN,Kenya,2016,3.851334899,99
KEN,Kenya,2017,3.896850429,96
KEN,Kenya,2018,3.97676462583818,91
KGZ,Kyrgyz Republic,2008,3.340283633,119
KGZ,Kyrgyz Republic,2009,3.401686965,122
KGZ,Kyrgyz Republic,2010,3.360213374,123
KGZ,Kyrgyz Republic,2011,3.485302189,121
KGZ,Kyrgyz Republic,2012,3.447269828,126
KGZ,Kyrgyz Republic,2013,3.436209679,127
KGZ,Kyrgyz Republic,2014,3.570637004,121
KGZ,Kyrgyz Republic,2015,3.725506536,108
KGZ,Kyrgyz Republic,2016,3.834633022,102
KGZ,Kyrgyz Republic,2017,3.747624494,111
KGZ,Kyrgyz Republic,2018,3.89641469328183,102
KHM,Cambodia,2008,3.481365802,110
KHM,Cambodia,2009,3.5317677179999998,109
KHM,Cambodia,2010,3.506801923,110
KHM,Cambodia,2011,3.630364713,109
KHM,Cambodia,2012,3.85314764,97
KHM,Cambodia,2013,4.005247382,85
KHM,Cambodia,2014,4.006028961,88
KHM,Cambodia,2015,3.885506612,95
KHM,Cambodia,2016,3.937377243,90
KHM,Cambodia,2017,3.975297744,89
KHM,Cambodia,2018,3.93164915152732,94
KOR,"Korea, Rep.",2008,5.396471683,11
KOR,"Korea, Rep.",2009,5.275883738,13
KOR,"Korea, Rep.",2010,5.003964444,19
KOR,"Korea, Rep.",2011,4.93019622,22
KOR,"Korea, Rep.",2012,5.020790286,24
KOR,"Korea, Rep.",2013,5.120141474,19
KOR,"Korea, Rep.",2014,5.011523119,25
KOR,"Korea, Rep.",2015,4.958219587,26
KOR,"Korea, Rep.",2016,4.986650079,26
KOR,"Korea, Rep.",2017,5.02685948,26
KOR,"Korea, Rep.",2018,5.07241748036472,26
KWT,Kuwait,2008,4.656824917,30
KWT,Kuwait,2009,4.583768622,35
KWT,Kuwait,2010,4.526301919,39
KWT,Kuwait,2011,4.588044306,35
KWT,Kuwait,2012,4.616041029,34
KWT,Kuwait,2013,4.564507162,37
KWT,Kuwait,2014,4.558717143,36
KWT,Kuwait,2015,4.506611641,40
KWT,Kuwait,2016,4.585559047,34
KWT,Kuwait,2017,4.530935516,38
KWT,Kuwait,2018,4.42858806178326,52
LAO,Lao PDR,2014,4.081424071,81
LAO,Lao PDR,2015,3.906152568,93
LAO,Lao PDR,2016,4.000322844,83
LAO,Lao PDR,2017,3.934781033,93
LAO,Lao PDR,2018,3.91359948108193,98
LBN,Lebanon,2011,3.886782831,92
LBN,Lebanon,2012,3.945838461,89
LBN,Lebanon,2013,3.878071342,91
LBN,Lebanon,2014,3.771018523,103
LBN,Lebanon,2015,3.67526778,113
LBN,Lebanon,2016,3.844559927,101
LBN,Lebanon,2017,3.838769111,101
LBN,Lebanon,2018,3.84480413837415,105
LBR,Liberia,2013,3.713079876,111
LBR,Liberia,2014,3.453172682,128
LBR,Liberia,2016,3.365700033,129
LBR,Liberia,2017,3.20751468,131
LBR,Liberia,2018,3.08001703724224,134
LBY,Libya,2008,3.85275369,88
LBY,Libya,2009,3.852657199,91
LBY,Libya,2010,3.899415326,88
LBY,Libya,2011,3.738827624,100
LBY,Libya,2013,3.678881099,113
LBY,Libya,2014,3.732564439,108
LBY,Libya,2015,3.481947344,126
LKA,Sri Lanka,2008,3.989482798,70
LKA,Sri Lanka,2009,4.019586574,77
LKA,Sri Lanka,2010,4.009438546,79
LKA,Sri Lanka,2011,4.246604955,62
LKA,Sri Lanka,2012,4.327235982,52
LKA,Sri Lanka,2013,4.190877031,68
LKA,Sri Lanka,2014,4.218214975,65
LKA,Sri Lanka,2015,4.18960549,73
LKA,Sri Lanka,2016,4.214383624,68
LKA,Sri Lanka,2017,4.193016557,71
LKA,Sri Lanka,2018,4.08444183432238,85
LSO,Lesotho,2008,3.267593149,124
LSO,Lesotho,2009,3.398194414,123
LSO,Lesotho,2010,3.54021583,107
LSO,Lesotho,2011,3.357266368,128
LSO,Lesotho,2012,3.263415303,135
LSO,Lesotho,2013,3.1931675,137
LSO,Lesotho,2014,3.517296899,123
LSO,Lesotho,2015,3.7325465860000002,107
LSO,Lesotho,2016,3.701537138,113
LSO,Lesotho,2017,3.574987601,120
LSO,Lesotho,2018,3.19510974427406,131
LTU,Lithuania,2008,4.489075854,38
LTU,Lithuania,2009,4.448107948,44
LTU,Lithuania,2010,4.295462854,53
LTU,Lithuania,2011,4.375031963,47
LTU,Lithuania,2012,4.408675602,44
LTU,Lithuania,2013,4.410922501,45
LTU,Lithuania,2014,4.408316664,48
LTU,Lithuania,2015,4.505259522,41
LTU,Lithuania,2016,4.548304328,36
LTU,Lithuania,2017,4.602020054,35
LTU,Lithuania,2018,4.58422421994501,41
LUX,Luxembourg,2008,4.879111725,25
LUX,Luxembourg,2009,4.854303607,25
LUX,Luxembourg,2010,4.963358146,21
LUX,Luxembourg,2011,5.047850229,20
LUX,Luxembourg,2012,5.033627471,23
LUX,Luxembourg,2013,5.092196835,22
LUX,Luxembourg,2014,5.086841293,22
LUX,Luxembourg,2015,5.16657833,19
LUX,Luxembourg,2016,5.199613211,20
LUX,Luxembourg,2017,5.203725809,20
LUX,Luxembourg,2018,5.23206461580875,19
LVA,Latvia,2008,4.40669915,45
LVA,Latvia,2009,4.257512898,54
LVA,Latvia,2010,4.057500582,68
LVA,Latvia,2011,4.138540972,70
LVA,Latvia,2012,4.244166447,64
LVA,Latvia,2013,4.346378248,55
LVA,Latvia,2014,4.397827353,52
LVA,Latvia,2015,4.495621721,42
LVA,Latvia,2016,4.451164436,44
LVA,Latvia,2017,4.449082219,49
LVA,Latvia,2018,4.39772343240565,54
MAR,Morocco,2008,4.082358531,64
MAR,Morocco,2009,4.075798274,73
MAR,Morocco,2010,4.030933945,73
MAR,Morocco,2011,4.078563458,75
MAR,Morocco,2012,4.164843438,73
MAR,Morocco,2013,4.147348852,70
MAR,Morocco,2014,4.114875267,77
MAR,Morocco,2015,4.206731744,72
MAR,Morocco,2016,4.164948754,72
MAR,Morocco,2017,4.199231711,70
MAR,Morocco,2018,4.24411150403198,71
MDA,Moldova,2011,3.862746542,94
MDA,Moldova,2012,3.886229661,93
MDA,Moldova,2013,3.937030053,87
MDA,Moldova,2014,3.94081877,89
MDA,Moldova,2015,4.033505806,82
MDA,Moldova,2016,3.999212511,84
MDA,Moldova,2017,3.861130112,100
MDA,Moldova,2018,3.99234301322839,89
MDG,Madagascar,2008,3.361492958,118
MDG,Madagascar,2009,3.384440249,125
MDG,Madagascar,2010,3.41777108,121
MDG,Madagascar,2011,3.458320624,124
MDG,Madagascar,2012,3.363394519,130
MDG,Madagascar,2013,3.37835756,130
MDG,Madagascar,2014,3.419025757,132
MDG,Madagascar,2015,3.414868205,130
MDG,Madagascar,2016,3.323097664,130
MDG,Madagascar,2017,3.326218737,128
MDG,Madagascar,2018,3.404608776147,121
MEX,Mexico,2008,4.26207563,52
MEX,Mexico,2009,4.226537328,60
MEX,Mexico,2010,4.189042881,60
MEX,Mexico,2011,4.192392166,66
MEX,Mexico,2012,4.294337281,58
MEX,Mexico,2013,4.364364767,53
MEX,Mexico,2014,4.33888837,55
MEX,Mexico,2015,4.274018397,61
MEX,Mexico,2016,4.294407013,57
MEX,Mexico,2017,4.408653822,51
MEX,Mexico,2018,4.43537376751599,51
MKD,"Macedonia, FYR",2008,3.73449457,94
MKD,"Macedonia, FYR",2009,3.869805594,89
MKD,"Macedonia, FYR",2010,3.946638193,84
MKD,"Macedonia, FYR",2011,4.018794917,79
MKD,"Macedonia, FYR",2012,4.050042473,79
MKD,"Macedonia, FYR",2013,4.044556726,80
MKD,"Macedonia, FYR",2014,4.135769856,73
MKD,"Macedonia, FYR",2015,4.256356207,63
MKD,"Macedonia, FYR",2016,4.281051935,60
MKD,"Macedonia, FYR",2017,4.227040662,68
MLI,Mali,2008,3.373009394,115
MLI,Mali,2009,3.426703909,117
MLI,Mali,2010,3.216142463,130
MLI,Mali,2011,3.279665713,132
MLI,Mali,2012,3.387086055,128
MLI,Mali,2013,3.426912557,128
MLI,Mali,2014,3.327418348,135
MLI,Mali,2015,3.42676079,128
MLI,Mali,2016,3.440173652,127
MLI,Mali,2017,3.464596246,125
MLI,Mali,2018,3.33048610428608,123
MLT,Malta,2008,4.20582267,56
MLT,Malta,2009,4.312827643,52
MLT,Malta,2010,4.297489107,52
MLT,Malta,2011,4.335588697,50
MLT,Malta,2012,4.332570734,51
MLT,Malta,2013,4.409616526,47
MLT,Malta,2014,4.499392638,41
MLT,Malta,2015,4.447366325,47
MLT,Malta,2016,4.389502971,48
MLT,Malta,2017,4.523861451,40
MLT,Malta,2018,4.64811124976416,37
MMR,Myanmar,2014,3.227507841,139
MMR,Myanmar,2015,3.23614134,134
MMR,Myanmar,2016,3.315424718,131
MNE,Montenegro,2008,3.906691309,82
MNE,Montenegro,2009,4.114376156,65
MNE,Montenegro,2010,4.157272019,62
MNE,Montenegro,2011,4.363750591,49
MNE,Montenegro,2012,4.272756024,60
MNE,Montenegro,2013,4.143617274,72
MNE,Montenegro,2014,4.199928692,67
MNE,Montenegro,2015,4.231445359,67
MNE,Montenegro,2016,4.201729344,70
MNE,Montenegro,2017,4.050623001,82
MNE,Montenegro,2018,4.14517947898616,77
MNG,Mongolia,2008,3.597687615,101
MNG,Mongolia,2009,3.65309343,100
MNG,Mongolia,2010,3.431365322,117
MNG,Mongolia,2011,3.746389952,99
MNG,Mongolia,2012,3.85906786,96
MNG,Mongolia,2013,3.874641426,93
MNG,Mongolia,2014,3.748432567,107
MNG,Mongolia,2015,3.829770621,98
MNG,Mongolia,2016,3.814057145,104
MNG,Mongolia,2017,3.837144229,102
MNG,Mongolia,2018,3.89877698614217,101
MOZ,Mozambique,2008,3.015355309,128
MOZ,Mozambique,2009,3.147296515,130
MOZ,Mozambique,2010,3.220892644,129
MOZ,Mozambique,2011,3.324521707,131
MOZ,Mozambique,2012,3.311022217,133
MOZ,Mozambique,2013,3.166081362,138
MOZ,Mozambique,2014,3.29602999,137
MOZ,Mozambique,2015,3.244956285,133
MOZ,Mozambique,2016,3.200369334,133
MOZ,Mozambique,2017,3.129531417,133
MOZ,Mozambique,2018,2.886453956382,136
MRT,Mauritania,2008,3.25934576,125
MRT,Mauritania,2009,3.136242923,131
MRT,Mauritania,2010,3.252478153,127
MRT,Mauritania,2011,3.142408136,135
MRT,Mauritania,2012,3.200694252,137
MRT,Mauritania,2013,3.316327739,134
MRT,Mauritania,2014,3.186487638,141
MRT,Mauritania,2015,2.995834966,141
MRT,Mauritania,2016,3.034876321,138
MRT,Mauritania,2017,2.942504296,137
MRT,Mauritania,2018,3.08915721839671,133
MUS,Mauritius,2008,4.163643971,60
MUS,Mauritius,2009,4.24612587,57
MUS,Mauritius,2010,4.217251462,57
MUS,Mauritius,2011,4.316447844,55
MUS,Mauritius,2012,4.314670791,54
MUS,Mauritius,2013,4.350214426,54
MUS,Mauritius,2014,4.449508696,45
MUS,Mauritius,2015,4.515997611,39
MUS,Mauritius,2016,4.432492347,46
MUS,Mauritius,2017,4.493364783,45
MUS,Mauritius,2018,4.52329136729146,45
MWI,Malawi,2009,3.41784699,119
MWI,Malawi,2010,3.421715273,119
MWI,Malawi,2011,3.448107553,125
MWI,Malawi,2012,3.580455044,117
MWI,Malawi,2013,3.37892549,129
MWI,Malawi,2014,3.321662751,136
MWI,Malawi,2015,3.249924103,132
MWI,Malawi,2016,3.154963392,135
MWI,Malawi,2017,3.07703778,134
MWI,Malawi,2018,3.1141055851918,132
MYS,Malaysia,2008,5.09747652,21
MYS,Malaysia,2009,5.044747325,21
MYS,Malaysia,2010,4.873698974,24
MYS,Malaysia,2011,4.883098479,26
MYS,Malaysia,2012,5.084288583,21
MYS,Malaysia,2013,5.05577892,25
MYS,Malaysia,2014,5.029183869,24
MYS,Malaysia,2015,5.15874452,20
MYS,Malaysia,2016,5.225252295,18
MYS,Malaysia,2017,5.164826294,25
MYS,Malaysia,2018,5.17443682318008,23
NAM,Namibia,2008,3.846645903,89
NAM,Namibia,2009,3.986638934,80
NAM,Namibia,2010,4.030330202,74
NAM,Namibia,2011,4.0854801,74
NAM,Namibia,2012,3.998216733,83
NAM,Namibia,2013,3.876823227,92
NAM,Namibia,2014,3.928701856,90
NAM,Namibia,2015,3.958086962,88
NAM,Namibia,2016,3.985270201,85
NAM,Namibia,2017,4.016819341,84
NAM,Namibia,2018,3.99074769929563,90
NGA,Nigeria,2008,3.694934295,95
NGA,Nigeria,2009,3.813026581,94
NGA,Nigeria,2010,3.649306252,99
NGA,Nigeria,2011,3.375049796,127
NGA,Nigeria,2012,3.445574145,127
NGA,Nigeria,2013,3.671259396,115
NGA,Nigeria,2014,3.573357714,120
NGA,Nigeria,2015,3.437366112,127
NGA,Nigeria,2016,3.460316579,124
NGA,Nigeria,2017,3.393422583,127
NGA,Nigeria,2018,3.29973980592255,125
NIC,Nicaragua,2008,3.453057797,111
NIC,Nicaragua,2009,3.411843497,120
NIC,Nicaragua,2010,3.437502837,115
NIC,Nicaragua,2011,3.574570526,112
NIC,Nicaragua,2012,3.611566083,115
NIC,Nicaragua,2013,3.731182272,108
NIC,Nicaragua,2014,3.839910384,99
NIC,Nicaragua,2015,3.821281489,99
NIC,Nicaragua,2016,3.753713477,108
NIC,Nicaragua,2017,3.813019877,103
NIC,Nicaragua,2018,3.94974182382633,93
NLD,Netherlands,2008,5.40079984,10
NLD,Netherlands,2009,5.410938095,8
NLD,Netherlands,2010,5.323174301,10
NLD,Netherlands,2011,5.333473202,8
NLD,Netherlands,2012,5.412914629,7
NLD,Netherlands,2013,5.501896142,5
NLD,Netherlands,2014,5.424661167,8
NLD,Netherlands,2015,5.454483488,8
NLD,Netherlands,2016,5.504908384,5
NLD,Netherlands,2017,5.568448786,4
NLD,Netherlands,2018,5.66201424268653,4
NOR,Norway,2008,5.20227753,16
NOR,Norway,2009,5.219699122,15
NOR,Norway,2010,5.166980178,14
NOR,Norway,2011,5.142782193,14
NOR,Norway,2012,5.182181577,16
NOR,Norway,2013,5.265518751,15
NOR,Norway,2014,5.325432328,11
NOR,Norway,2015,5.354479693,11
NOR,Norway,2016,5.405860401,11
NOR,Norway,2017,5.443365647,11
NOR,Norway,2018,5.40379315520146,11
NPL,Nepal,2008,3.381777645,114
NPL,Nepal,2009,3.365510696,126
NPL,Nepal,2010,3.341096724,125
NPL,Nepal,2011,3.342869396,130
NPL,Nepal,2012,3.467015636,125
NPL,Nepal,2013,3.488687192,125
NPL,Nepal,2014,3.662443829,117
NPL,Nepal,2015,3.812658924,102
NPL,Nepal,2016,3.850980741,100
NPL,Nepal,2017,3.869257406,98
NPL,Nepal,2018,4.01781035323783,88
NZL,New Zealand,2008,4.981184196,24
NZL,New Zealand,2009,4.927504888,24
NZL,New Zealand,2010,4.979462686,20
NZL,New Zealand,2011,4.91764797,23
NZL,New Zealand,2012,4.927166375,25
NZL,New Zealand,2013,5.091437993,23
NZL,New Zealand,2014,5.10828709,18
NZL,New Zealand,2015,5.204316682,17
NZL,New Zealand,2016,5.25445756,16
NZL,New Zealand,2017,5.30683209,13
NZL,New Zealand,2018,5.36890015196784,13
OMN,Oman,2008,4.433088696,42
OMN,Oman,2009,4.553172057,38
OMN,Oman,2010,4.491378118,41
OMN,Oman,2011,4.607941572,34
OMN,Oman,2012,4.638649901,32
OMN,Oman,2013,4.65351098,32
OMN,Oman,2014,4.644557699,33
OMN,Oman,2015,4.461904278,46
OMN,Oman,2016,4.247213458,62
OMN,Oman,2017,4.27920307,66
OMN,Oman,2018,4.31036306448381,62
PAK,Pakistan,2008,3.770316061,92
PAK,Pakistan,2009,3.65281158,101
PAK,Pakistan,2010,3.581879441,101
PAK,Pakistan,2011,3.483689442,123
PAK,Pakistan,2012,3.578804819,118
PAK,Pakistan,2013,3.519429781,124
PAK,Pakistan,2014,3.410202216,133
PAK,Pakistan,2015,3.418269891,129
PAK,Pakistan,2016,3.44539597,126
PAK,Pakistan,2017,3.489806931,122
PAK,Pakistan,2018,3.66857479640334,115
PAN,Panama,2008,4.178082894,59
PAN,Panama,2009,4.239846233,58
PAN,Panama,2010,4.207968769,59
PAN,Panama,2011,4.325638072,53
PAN,Panama,2012,4.352708022,49
PAN,Panama,2013,4.492420999,40
PAN,Panama,2014,4.502593436,40
PAN,Panama,2015,4.428815014,48
PAN,Panama,2016,4.383269688,50
PAN,Panama,2017,4.512191424,42
PAN,Panama,2018,4.43707604649457,50
PER,Peru,2008,3.865359583,86
PER,Peru,2009,3.949690099,83
PER,Peru,2010,4.014643919,78
PER,Peru,2011,4.107816868,73
PER,Peru,2012,4.21201498,67
PER,Peru,2013,4.275883342,61
PER,Peru,2014,4.250522939,61
PER,Peru,2015,4.237552048,65
PER,Peru,2016,4.210158451,69
PER,Peru,2017,4.230296152,67
PER,Peru,2018,4.22321415139326,72
PHL,Philippines,2008,3.986660758,71
PHL,Philippines,2009,4.090100892,71
PHL,Philippines,2010,3.904864367,87
PHL,Philippines,2011,3.957665478,85
PHL,Philippines,2012,4.082931024,75
PHL,Philippines,2013,4.232420055,65
PHL,Philippines,2014,4.285685785,59
PHL,Philippines,2015,4.398799755,52
PHL,Philippines,2016,4.39051958,47
PHL,Philippines,2017,4.355221064,57
PHL,Philippines,2018,4.35090775825149,56
POL,Poland,2008,4.282530576,51
POL,Poland,2009,4.283316895,53
POL,Poland,2010,4.329399466,46
POL,Poland,2011,4.50857763,39
POL,Poland,2012,4.46180915,41
POL,Poland,2013,4.462551461,41
POL,Poland,2014,4.456920996,42
POL,Poland,2015,4.482825496,43
POL,Poland,2016,4.493101492,41
POL,Poland,2017,4.558749692,36
POL,Poland,2018,4.59442682146118,39
PRI,Puerto Rico,2008,4.496700501,36
PRI,Puerto Rico,2009,4.509400994,41
PRI,Puerto Rico,2010,4.484013164,42
PRI,Puerto Rico,2011,4.493809683,41
PRI,Puerto Rico,2012,4.577715231,35
PRI,Puerto Rico,2013,4.669077469,31
PRI,Puerto Rico,2014,4.665166532,30
PRI,Puerto Rico,2015,4.63965348,32
PRT,Portugal,2008,4.476939379,40
PRT,Portugal,2009,4.471945081,43
PRT,Portugal,2010,4.404044097,43
PRT,Portugal,2011,4.376121164,46
PRT,Portugal,2012,4.403976919,45
PRT,Portugal,2013,4.397178324,49
PRT,Portugal,2014,4.401401117,51
PRT,Portugal,2015,4.541029254,36
PRT,Portugal,2016,4.518235502,38
PRT,Portugal,2017,4.476015588,46
PRT,Portugal,2018,4.56748821634093,42
PRY,Paraguay,2008,3.295129197,121
PRY,Paraguay,2009,3.397650448,124
PRY,Paraguay,2010,3.351071465,124
PRY,Paraguay,2011,3.493045571,120
PRY,Paraguay,2012,3.531028384,122
PRY,Paraguay,2013,3.670016115,116
PRY,Paraguay,2014,3.605149845,119
PRY,Paraguay,2015,3.594690423,120
PRY,Paraguay,2016,3.595005831,118
PRY,Paraguay,2017,3.65471449,117
PRY,Paraguay,2018,3.71060006198112,112
QAT,Qatar,2008,4.63250381,31
QAT,Qatar,2009,4.82905246,26
QAT,Qatar,2010,4.945631864,22
QAT,Qatar,2011,5.101919854,17
QAT,Qatar,2012,5.242961226,14
QAT,Qatar,2013,5.381802114,11
QAT,Qatar,2014,5.238107218,13
QAT,Qatar,2015,5.242530378,16
QAT,Qatar,2016,5.304966591,14
QAT,Qatar,2017,5.230675743,18
QAT,Qatar,2018,5.10564906786418,25
ROU,Romania,2008,3.971765676,74
ROU,Romania,2009,4.102915427,68
ROU,Romania,2010,4.105216983,64
ROU,Romania,2011,4.160870522,67
ROU,Romania,2012,4.07568275,77
ROU,Romania,2013,4.06853792,78
ROU,Romania,2014,4.125358472,76
ROU,Romania,2015,4.301609129,59
ROU,Romania,2016,4.323935618,53
ROU,Romania,2017,4.296153677,62
ROU,Romania,2018,4.27656170396289,68
RUS,Russian Federation,2008,4.189914611,58
RUS,Russian Federation,2009,4.314196117,51
RUS,Russian Federation,2010,4.152973017,63
RUS,Russian Federation,2011,4.237919109,63
RUS,Russian Federation,2012,4.214930492,66
RUS,Russian Federation,2013,4.197228949,67
RUS,Russian Federation,2014,4.245923522,64
RUS,Russian Federation,2015,4.369965848,53
RUS,Russian Federation,2016,4.439136575,45
RUS,Russian Federation,2017,4.512095559,43
RUS,Russian Federation,2018,4.64193056632842,38
RWA,Rwanda,2011,3.999203714,80
RWA,Rwanda,2012,4.18817386,70
RWA,Rwanda,2013,4.240019524,63
RWA,Rwanda,2014,4.214902161,66
RWA,Rwanda,2015,4.272424857,62
RWA,Rwanda,2016,4.292848168,58
RWA,Rwanda,2017,4.406726353,52
RWA,Rwanda,2018,4.34883183191263,58
SAU,Saudi Arabia,2008,4.548275407,35
SAU,Saudi Arabia,2009,4.724587502,27
SAU,Saudi Arabia,2010,4.746495587,28
SAU,Saudi Arabia,2011,4.948106768,21
SAU,Saudi Arabia,2012,5.168246199,17
SAU,Saudi Arabia,2013,5.194895884,18
SAU,Saudi Arabia,2014,5.10409817,20
SAU,Saudi Arabia,2015,5.059634479,24
SAU,Saudi Arabia,2016,5.066458132,25
SAU,Saudi Arabia,2017,4.836833276,29
SAU,Saudi Arabia,2018,4.82713699763601,30
SEN,Senegal,2008,3.606859473,100
SEN,Senegal,2009,3.733741318,96
SEN,Senegal,2010,3.780868368,92
SEN,Senegal,2011,3.674291484,104
SEN,Senegal,2012,3.696952227,111
SEN,Senegal,2013,3.655952587,117
SEN,Senegal,2014,3.699366086,113
SEN,Senegal,2015,3.698051904,112
SEN,Senegal,2016,3.733193039,110
SEN,Senegal,2017,3.7403592,112
SEN,Senegal,2018,3.80903453057122,106
SGP,Singapore,2008,5.447092955,7
SGP,Singapore,2009,5.534784306,5
SGP,Singapore,2010,5.545331907,3
SGP,Singapore,2011,5.477664234,3
SGP,Singapore,2012,5.625705006,2
SGP,Singapore,2013,5.673013652,2
SGP,Singapore,2014,5.613254439,2
SGP,Singapore,2015,5.645158243,2
SGP,Singapore,2016,5.676669191,2
SGP,Singapore,2017,5.716928757,2
SGP,Singapore,2018,5.70571452900167,3
SLE,Sierra Leone,2013,2.823071185,143
SLE,Sierra Leone,2014,3.010575837,144
SLE,Sierra Leone,2015,3.101671006,138
SLE,Sierra Leone,2016,3.059945523,137
SLE,Sierra Leone,2017,3.160559279,132
SLE,Sierra Leone,2018,3.19796288515391,130
SLV,El Salvador,2008,4.050744733,67
SLV,El Salvador,2009,3.992466969,79
SLV,El Salvador,2010,4.017202716,77
SLV,El Salvador,2011,3.985678102,82
SLV,El Salvador,2012,3.889046413,91
SLV,El Salvador,2013,3.797098742,101
SLV,El Salvador,2014,3.844937108,97
SLV,El Salvador,2015,4.01379765,84
SLV,El Salvador,2016,3.874938215,95
SLV,El Salvador,2017,3.810013694,105
SLV,El Salvador,2018,3.7684609476397,109
SRB,Serbia,2008,3.783706705,91
SRB,Serbia,2009,3.900104825,85
SRB,Serbia,2010,3.767137184,93
SRB,Serbia,2011,3.836861408,96
SRB,Serbia,2012,3.876914779,95
SRB,Serbia,2013,3.871518991,95
SRB,Serbia,2014,3.77427767,101
SRB,Serbia,2015,3.896054796,94
SRB,Serbia,2016,3.887723749,94
SRB,Serbia,2017,3.969199259,90
SRB,Serbia,2018,4.14109923685843,78
SUR,Suriname,2012,3.674326951,112
SUR,Suriname,2013,3.676926998,114
SUR,Suriname,2014,3.751616556,106
SUR,Suriname,2015,3.714779156,110
SVK,Slovak Republic,2008,4.447389787,41
SVK,Slovak Republic,2009,4.39960714,46
SVK,Slovak Republic,2010,4.309482086,47
SVK,Slovak Republic,2011,4.249467979,60
SVK,Slovak Republic,2012,4.188256007,69
SVK,Slovak Republic,2013,4.144011372,71
SVK,Slovak Republic,2014,4.103044197,78
SVK,Slovak Republic,2015,4.147808554,75
SVK,Slovak Republic,2016,4.220030303,67
SVK,Slovak Republic,2017,4.279368416,65
SVK,Slovak Republic,2018,4.33362076395659,59
SVN,Slovenia,2008,4.479762404,39
SVN,Slovenia,2009,4.496114324,42
SVN,Slovenia,2010,4.552880028,37
SVN,Slovenia,2011,4.423684755,45
SVN,Slovenia,2012,4.29989847,57
SVN,Slovenia,2013,4.337165469,56
SVN,Slovenia,2014,4.250267163,62
SVN,Slovenia,2015,4.218971534,70
SVN,Slovenia,2016,4.284412648,59
SVN,Slovenia,2017,4.391165795,56
SVN,Slovenia,2018,4.47729669768855,48
SWE,Sweden,2008,5.542378724,4
SWE,Sweden,2009,5.534821041,4
SWE,Sweden,2010,5.506823584,4
SWE,Sweden,2011,5.556396463,2
SWE,Sweden,2012,5.612261682,3
SWE,Sweden,2013,5.527371748,4
SWE,Sweden,2014,5.481448825,6
SWE,Sweden,2015,5.407929962,10
SWE,Sweden,2016,5.434573823,9
SWE,Sweden,2017,5.530133575,6
SWE,Sweden,2018,5.51891605142232,7
SWZ,Swaziland,2011,3.403938874,126
SWZ,Swaziland,2012,3.30056154,134
SWZ,Swaziland,2013,3.278774837,135
SWZ,Swaziland,2014,3.516954667,124
SWZ,Swaziland,2015,3.550687415,123
SWZ,Swaziland,2016,3.402784467,128
SWZ,Swaziland,2018,3.35443072935085,122
SYC,Seychelles,2013,4.103536244,76
SYC,Seychelles,2014,4.101620128,80
SYC,Seychelles,2015,3.907937267,92
SYC,Seychelles,2016,3.861087514,97
SYC,Seychelles,2018,3.79602807531253,107
SYR,Syrian Arab Republic,2008,3.910910655,80
SYR,Syrian Arab Republic,2009,3.994572091,78
SYR,Syrian Arab Republic,2010,3.763683119,94
SYR,Syrian Arab Republic,2011,3.785814034,97
SYR,Syrian Arab Republic,2012,3.849705649,98
TCD,Chad,2008,2.782015775,131
TCD,Chad,2009,2.849131271,134
TCD,Chad,2010,2.874562257,131
TCD,Chad,2011,2.732136422,139
TCD,Chad,2012,2.869778045,142
TCD,Chad,2013,3.05366881,139
TCD,Chad,2014,2.850810176,148
TCD,Chad,2015,2.846577726,143
TCD,Chad,2016,2.964636841,139
TCD,Chad,2017,2.946517342,136
TCD,Chad,2018,2.98875732227127,135
THA,Thailand,2008,4.696291019,28
THA,Thailand,2009,4.602385673,34
THA,Thailand,2010,4.557792199,36
THA,Thailand,2011,4.510130942,38
THA,Thailand,2012,4.518591663,39
THA,Thailand,2013,4.517044522,38
THA,Thailand,2014,4.542686503,37
THA,Thailand,2015,4.656664199,31
THA,Thailand,2016,4.642173536,32
THA,Thailand,2017,4.641792379,34
THA,Thailand,2018,4.72348847278652,32
TJK,Tajikistan,2008,3.36850452,117
TJK,Tajikistan,2009,3.462393221,116
TJK,Tajikistan,2010,3.383807732,122
TJK,Tajikistan,2011,3.531466001,116
TJK,Tajikistan,2012,3.774364438,105
TJK,Tajikistan,2013,3.798778636,100
TJK,Tajikistan,2015,3.932531246,91
TJK,Tajikistan,2016,4.030345372,80
TJK,Tajikistan,2017,4.11928559,77
TJK,Tajikistan,2018,4.13555678616023,79
TLS,Timor-Leste,2008,3.204359377,127
TLS,Timor-Leste,2009,3.151853688,129
TLS,Timor-Leste,2010,3.26287885,126
TLS,Timor-Leste,2011,3.225629659,133
TLS,Timor-Leste,2012,3.35316338,131
TLS,Timor-Leste,2013,3.269080705,136
TLS,Timor-Leste,2014,3.249948887,138
TLS,Timor-Leste,2015,3.172519011,136
TTO,Trinidad and Tobago,2008,3.881659861,84
TTO,Trinidad and Tobago,2009,3.851784461,92
TTO,Trinidad and Tobago,2010,3.908791703,86
TTO,Trinidad and Tobago,2011,3.971297597,84
TTO,Trinidad and Tobago,2012,4.004282347,81
TTO,Trinidad and Tobago,2013,4.008781181,84
TTO,Trinidad and Tobago,2014,3.909515973,92
TTO,Trinidad and Tobago,2015,3.954465341,89
TTO,Trinidad and Tobago,2016,3.940758151,89
TTO,Trinidad and Tobago,2017,3.927753679,94
TTO,Trinidad and Tobago,2018,4.08962350347301,83
TUN,Tunisia,2008,4.591842587,32
TUN,Tunisia,2009,4.582280332,36
TUN,Tunisia,2010,4.49918888,40
TUN,Tunisia,2011,4.650351658,32
TUN,Tunisia,2012,4.474879728,40
TUN,Tunisia,2014,4.06267528,83
TUN,Tunisia,2015,3.961095497,87
TUN,Tunisia,2016,3.927254086,92
TUN,Tunisia,2017,3.922557848,95
TUN,Tunisia,2018,3.93005920318886,95
TUR,Turkey,2008,4.246872162,53
TUR,Turkey,2009,4.148128711,63
TUR,Turkey,2010,4.16085947,61
TUR,Turkey,2011,4.247490161,61
TUR,Turkey,2012,4.280637668,59
TUR,Turkey,2013,4.45233513,43
TUR,Turkey,2014,4.45106788,44
TUR,Turkey,2015,4.462380755,45
TUR,Turkey,2016,4.37225012,51
TUR,Turkey,2017,4.392235738,55
TUR,Turkey,2018,4.41812176781977,53
TZA,Tanzania,2008,3.558112833,104
TZA,Tanzania,2009,3.491980114,113
TZA,Tanzania,2010,3.589928899,100
TZA,Tanzania,2011,3.556587994,113
TZA,Tanzania,2012,3.56324561,120
TZA,Tanzania,2013,3.600019212,120
TZA,Tanzania,2014,3.503874275,125
TZA,Tanzania,2015,3.565177683,121
TZA,Tanzania,2016,3.569147602,120
TZA,Tanzania,2017,3.670570216,116
TZA,Tanzania,2018,3.7105581571825,113
UGA,Uganda,2008,3.331765236,120
UGA,Uganda,2009,3.349053462,128
UGA,Uganda,2010,3.528466874,108
UGA,Uganda,2011,3.513674357,118
UGA,Uganda,2012,3.559189423,121
UGA,Uganda,2013,3.534528419,123
UGA,Uganda,2014,3.448789653,129
UGA,Uganda,2015,3.558401283,122
UGA,Uganda,2016,3.660512307,115
UGA,Uganda,2017,3.687819022,113
UGA,Uganda,2018,3.69810547178665,114
UKR,Ukraine,2008,3.975270569,73
UKR,Ukraine,2009,4.085770735,72
UKR,Ukraine,2010,3.95196496,82
UKR,Ukraine,2011,3.900901188,89
UKR,Ukraine,2012,3.99999583,82
UKR,Ukraine,2013,4.139226215,73
UKR,Ukraine,2014,4.051604685,84
UKR,Ukraine,2015,4.138642948,76
UKR,Ukraine,2016,4.033129719,79
UKR,Ukraine,2017,4.00340578,85
UKR,Ukraine,2018,4.10663185072194,81
URY,Uruguay,2008,3.96562649,75
URY,Uruguay,2009,4.036736769,75
URY,Uruguay,2010,4.099170495,65
URY,Uruguay,2011,4.231089509,64
URY,Uruguay,2012,4.251042989,63
URY,Uruguay,2013,4.131766466,74
URY,Uruguay,2014,4.0508163,85
URY,Uruguay,2015,4.041390799,80
URY,Uruguay,2016,4.088548114,73
URY,Uruguay,2017,4.172880321,73
URY,Uruguay,2018,4.14622306617415,76
USA,United States,2008,5.672719296,1
USA,United States,2009,5.744476681,1
USA,United States,2010,5.590158942,2
USA,United States,2011,5.431088386,4
USA,United States,2012,5.427037815,5
USA,United States,2013,5.467579849,7
USA,United States,2014,5.482504143,5
USA,United States,2015,5.54398285,3
USA,United States,2016,5.612967305,3
USA,United States,2017,5.697059304,3
USA,United States,2018,5.85255200214132,2
VEN,"Venezuela, RB",2008,3.633637352,98
VEN,"Venezuela, RB",2009,3.563945734,105
VEN,"Venezuela, RB",2010,3.476111472,113
VEN,"Venezuela, RB",2011,3.484842833,122
VEN,"Venezuela, RB",2012,3.5079476,124
VEN,"Venezuela, RB",2013,3.458203019,126
VEN,"Venezuela, RB",2014,3.351226467,134
VEN,"Venezuela, RB",2015,3.316318607,131
VEN,"Venezuela, RB",2016,3.300814738,132
VEN,"Venezuela, RB",2017,3.266457653,130
VEN,"Venezuela, RB",2018,3.22796498135632,127
VNM,Vietnam,2008,4.044441689,68
VNM,Vietnam,2009,4.099632384,70
VNM,Vietnam,2010,4.026242649,75
VNM,Vietnam,2011,4.274882218,59
VNM,Vietnam,2012,4.239329277,65
VNM,Vietnam,2013,4.107450967,75
VNM,Vietnam,2014,4.181841807,70
VNM,Vietnam,2015,4.228233126,68
VNM,Vietnam,2016,4.301269583,56
VNM,Vietnam,2017,4.312126316,60
VNM,Vietnam,2018,4.35621664927987,55
YEM,"Yemen, Rep.",2012,3.05792397,138
YEM,"Yemen, Rep.",2013,2.965187517,140
YEM,"Yemen, Rep.",2014,2.983114231,145
YEM,"Yemen, Rep.",2015,2.958118633,142
YEM,"Yemen, Rep.",2017,2.73917756,138
YEM,"Yemen, Rep.",2018,2.87479337529535,137
ZAF,South Africa,2008,4.418632463,44
ZAF,South Africa,2009,4.410798698,45
ZAF,South Africa,2010,4.340150607,45
ZAF,South Africa,2011,4.318917167,54
ZAF,South Africa,2012,4.342059324,50
ZAF,South Africa,2013,4.370595267,52
ZAF,South Africa,2014,4.371164235,53
ZAF,South Africa,2015,4.3505017520000004,56
ZAF,South Africa,2016,4.386418705,49
ZAF,South Africa,2017,4.474428338,47
ZAF,South Africa,2018,4.32126491802629,61
ZMB,Zambia,2008,3.292533493,122
ZMB,Zambia,2009,3.492758941,112
ZMB,Zambia,2010,3.498314505,112
ZMB,Zambia,2011,3.546460203,115
ZMB,Zambia,2012,3.669583058,113
ZMB,Zambia,2013,3.796588658,102
ZMB,Zambia,2014,3.857957982,93
ZMB,Zambia,2015,3.862997281,96
ZMB,Zambia,2016,3.868582332,96
ZMB,Zambia,2017,3.602539444,118
ZMB,Zambia,2018,3.5176302859195,118
ZWE,Zimbabwe,2008,2.877977818,129
ZWE,Zimbabwe,2009,2.880300977,133
ZWE,Zimbabwe,2010,2.770274353,132
ZWE,Zimbabwe,2011,3.026159541,136
ZWE,Zimbabwe,2012,3.326739761,132
ZWE,Zimbabwe,2013,3.342887648,132
ZWE,Zimbabwe,2014,3.437264571,131
ZWE,Zimbabwe,2015,3.536905898,124
ZWE,Zimbabwe,2016,3.454281203,125
ZWE,Zimbabwe,2017,3.409630796,126
ZWE,Zimbabwe,2018,3.32044601371476,124
