country_code,gci_overall,p_1_institutions,p_2_infrastructure,p_3_ict,p_4_macroeconomic,p_5_health,p_6_skills,p_7_product,p_8_labour,p_9_financial,p_10_market,p_11_business,p_12_innovation,gdp_us,gdp_growth_annual,gdp_per_capita_us,gdp_per_capita_growth_annual,gdp_per_capita_ppp,gdp_ppp,gdp_growth_decade,gini_index,unemployment_pctg,happiness_score,happiness_rank,ggi_index,ggi_rank,co2,consumption_co2_per_capita,ren_gen_twh_19,ren_gen_growth_19,rene_gen_growth_08_18,renewable_cons_exj,total_consumption,renewable_cons_prop,gsci_score,gsci_nat_cap_score,gsci_res_intense_score,gsci_soc_cap_score,gsci_intellect_cap_score,gsci_governance_score
ALB,58.10159560077285,53.88066545415408,57.31939977853057,52.33629074370434,70,86.77855656678814,68.71946420805557,57.02811836716268,64.78416327024307,51.32779010660878,39.24731809497478,64.06858600838197,31.72879461067026,15147020535.3869,4.07130129479023,5284.38018438156,4.32839557846702,13974.0116065658,40054771492.7815,2.650363315654369,33.2,11.6999998092651,4.719,107,0.734,34,5.403,2.16,NA,NA,NA,NA,NA,NA,47.437460319248856,51.426973278633376,49.7157496452791,45.245036101083045,41.66039145063889,49.139151120609874
DZA,53.75071304045688,44.38538276096767,61.22711688227268,47.19435696277711,68.50373611111111,81.47548505510032,57.42068936624999,45.41833387337869,43.97730490629052,47.83913890451566,66.35273745118589,51.31756132110021,29.89671289053278,175405660377.358,1.2000000000002,4153.73397805915,-0.811208543893287,11925.7985636431,503607737913.103,2.87777777777777,27.6,12.8299999237061,5.211,88,0.629,128,NA,NA,0.625,0.015816666477314945,0,0.005571487095452682,2.5381431363673905,0.002195103584042402,41.1021053857452,40.96186888803524,39.76209995270377,41.623495788206974,35.67290362877126,47.490158671008714
AGO,37.05578811218694,37.23113050358261,40.73262357650129,27.37884693196022,31.0625,50.91726975207813,31.11003358541667,37.51731425280372,43.48180236558805,40.05182752691219,53.92228695373128,34.48206185502512,16.78176004264407,101353230784.594,-2.00362972730201,3289.64666408633,-5.16210163078421,7102.40588709233,218823435008.714,2.4897719993634797,51.3,7.69999980926514,NA,NA,0.633,125,NA,NA,NA,NA,NA,NA,NA,NA,40.32732593396282,55.739397719651244,55.489831310105615,34.99939831528278,21.297423080863744,34.110579243910706
ARG,57.48611008877519,51.543165390656434,67.60645267632543,56.21602038600092,44.89583333333334,85.07435810978721,68.42348783138888,48.27708753304297,50.73862579170227,52.52552195442656,68.64200764900346,55.42432078428632,40.46643962534843,517626700412.718,-2.56535187644216,11633.4980086465,-3.55009116736244,23313.8179401811,1037336718967.02,1.7666245483306888,41.4,11.6700000762939,6.086,47,0.733,36,185.03,4.228,8.19297833926771,1.0340006794797256,0.08090091154975387,0.13899454929874802,3.4627693716586956,0.040139707378827966,48.062941492334566,57.895176129878216,47.92945259750987,47.374849578820694,34.3654001947064,52.749828960757625
ARM,59.86148111465999,54.00025512388505,66.2678479992795,59.18879839392562,72.40859722222223,82.7179801957631,67.56308842666667,61.18321812858881,64.99919594069702,54.21101715302686,36.73671092958939,60.21297941911318,38.84808444316232,12457941907.0333,5.19999999965324,4220.49027671249,4.95169918007967,13024.6948100321,38445981547.5774,4.122222222281215,34.4,20.2099990844727,4.559,116,0.678,98,6.297,2.157,NA,NA,NA,NA,NA,NA,47.24765752852545,39.27380482897385,48.895160018918496,51.56302647412755,38.38591480096507,58.12038151964228
AUS,78.85166974580595,73.62990834363268,77.92436337658884,73.45848541621865,100,98.54486809145283,80.988379775,70.23152822526455,68.51655587123611,85.62997140151953,72.28608027824879,75.18901422435184,69.82088194615753,1432881172002.17,2.94928577160958,57354.9640455891,1.37996022097906,51390.5028543034,1283872898972.17,2.6421716329062446,34.4,6.6100001335144,7.228,11,0.73,39,415.954,15.219,41.05111558893802,0.26840231576005125,0.1532786761512066,0.4216862651660096,6.409584517554568,0.06578995315704089,50.21317012478893,55.48823045583396,43.03488596614208,54.52166064981948,46.412438716489454,51.60863483565968
AUT,76.33810153820535,72.70312474222115,88.31753955058863,64.69072528369668,100,96.67250939553158,78.38436355208333,66.54698750014092,67.32750638327562,72.94912510083864,64.32726326716663,69.8592186573365,74.27885502558465,455094861902.062,2.58012073304926,51478.2852619277,2.0816965919734,58850.7601106449,520271380624.119,1.567862353659284,29.7,5.76999998092651,7.246,10,0.718,53,66.72,10.476,13.573681091833,0.0975506281911851,0.06222306357567553,0.14237980096387293,1.4998381697302703,0.09493010901934733,56.67429566072613,51.17664813486168,49.1035968370174,60.89891696750902,59.739120350482146,62.453196013760376
AZE,60.04414805382071,55.77434837133713,73.63760401954151,54.03050746104325,59.81616666666667,73.12729534822657,67.83274288055554,61.39543742374541,63.56658249779566,52.63894892852409,53.95386500086921,68.80309186781025,35.95318617973323,47112941176.4706,1.50040170699388,4739.84171028393,0.624884409708628,14555.7967348653,144681286267.109,1.5222388509638431,NA,6.26999998092651,5.208,90,0.68,97,37.488,3.964,0.25954434389140274,0.27659656589001935,0,0.0023136767403018938,0.6557243083645863,0.0035284291138639274,45.07803560546149,43.562496035790474,46.32839350465079,47.87876052948254,38.18926518137861,49.43126277600501
BHR,63.63291244666616,60.88054004346441,77.95692945582283,66.74141313529537,65.28825,79.24701937433407,73.57531773385416,62.98279220174619,63.0448543318339,70.26478715998087,45.78003965976821,61.89015868203688,35.94284758185702,37652500000,1.77943344650697,23991.05667694,-3.10804991646285,47353.1183775409,74317830753.3293,3.5474492420197734,NA,4.09000015258789,6.199,37,0.627,132,31.594,11.243,NA,NA,NA,NA,NA,NA,41.304337136120225,30.252011074487278,42.40800882862997,43.3310770156438,40.1715488500296,50.35903991181042
BGD,52.07923886957091,46.4507653640453,53.38440171303687,39.80366149666712,72.59833333333333,71.15507062210062,43.97197328222222,47.81705884272022,50.86331284652934,51.79320027267819,66.51572529556218,49.97544932169954,30.62191404425591,274039092455.306,7.86374303036237,1698.35039428122,6.73705130340723,4549.61764626729,734108282366.193,6.605147406005022,32.4,5.30000019073486,4.456,125,0.721,48,85.719,0.669,0.4334566413029373,0.3902637355305003,0.32080755643527303,0.0038639969335321246,1.7581835724992263,0.0021977209854369887,43.298755371359135,40.13573444725318,60.820116664039084,41.46720818291215,19.866202371045688,54.20451519154556
BEL,76.61015539007471,69.77989716440455,86.49825864404983,66.09277308297877,100,94.10260976085905,79.53912178833333,64.33448948812048,64.4368604215235,78.38231237636597,68.94669455819209,73.82560777655678,73.38323961951217,543734366831.215,1.81229599862863,47583.0749405066,1.34991515111142,54330.2871936942,620835125597.852,1.562703052978382,27.4,6.01000022888184,6.923,18,0.738,32,100.208,15.436,18.60598244515918,0.10097117330858718,0.14740688169681038,0.18554230045464365,2.712698803199905,0.06839767844324537,52.126913774327996,31.487852619738607,47.841222343711934,60.50045126353789,59.930803146096466,60.874239498555106
BEN,44.39858876747354,45.10441683377985,41.01861444596436,19.98638599645611,71.6385,49.83479087440594,42.47844331138889,54.037406247160916,50.58565271480799,43.79554004147805,34.8918919866718,52.71329263028099,26.69813012728765,14250985958.6727,6.69725946087986,1240.82946441954,3.818777310836,3237.77368242688,37185986155.8095,4.547199244167757,47.8,2.53999996185303,4.883,102,0.654,118,7.76,0.798,NA,NA,NA,NA,NA,NA,40.786803737641094,42.42873373574783,55.003153082137786,36.01551455163475,24.481483800649528,46.005133518035564
BOL,51.39667601916563,41.21206264576728,56.21156098319164,45.73961521396688,73.068375,74.98884139127155,56.64609860166667,48.45312620603826,47.52526885025625,54.83806965987619,46.17129860040264,44.95984289040454,26.94595218714564,40287647930.4761,4.22362351118875,3548.59015508448,2.75215454115727,8866.37883394526,100661257927.575,4.916623203507373,42.2,5.6100001335144,5.779,61,0.748,25,22.346,1.936,NA,NA,NA,NA,NA,NA,50.010982993026865,64.09189504497688,53.814935015088885,43.60920577617326,38.59196420627017,49.9469149226251
BIH,54.15512388451868,45.57914395627214,60.72246155212083,45.8238772638103,74.42152777777778,85.3045061026525,57.53490708638889,51.56627236153909,51.18176642906773,55.084248852196,41.75455724576359,52.71122555620053,28.17699243043477,20183510561.2553,3.74007109201324,6072.18462285304,4.60140672282768,15387.584281639,51147237633.6842,1.961947646978002,33,16.8500003814697,5.386,78,0.712,62,NA,NA,NA,NA,NA,NA,NA,NA,50.46699781396087,60.10887431901303,42.60363377591208,52.46916365824307,43.10791800734148,54.045399309294694
BWA,54.53541055287048,54.70878298818606,53.91615373457188,41.96152203721489,100,51.88112377643095,56.72700851791665,53.10474485013189,60.45553367754913,59.46876473865737,38.57747991126415,52.97762297630663,30.64618942621618,18663265549.0196,4.47883655345764,8279.60173877574,2.20777715684612,18063.7639328552,40717999938.9111,4.949940250098021,53.3,17.7000007629395,3.488,148,0.715,55,6.815,7.972,NA,NA,NA,NA,NA,NA,42.213234692901025,41.57780298861855,43.9654737505912,35.608848966978094,40.29201565444833,49.62203210386895
BRA,59.5074453033107,49.68122886642237,64.32980148843487,55.58788972870436,64.55768055555556,79.6263119897978,55.98778661555555,48.93025300489293,51.02677236561537,63.15108996688642,80.93429164483018,52.44079205271014,47.83544536032299,1885482534238.33,1.31722399870793,9001.23424863499,0.526155826049262,14951.8109956354,3131945876397.82,1.4167795946435442,53.9,13.6700000762939,6.3,32,0.681,95,466.649,2.334,117.650277296403,0.10250010013564248,0.16919158932928724,2.0241060776006146,12.403434343333867,0.163189163708393,49.05087621189602,64.76364457468442,52.0121930318761,39.849578820697936,45.60093387101317,43.02803076120845
BRN,61.4285783770839,58.28713501472578,71.30565090734378,76.2342437497588,73.70277777777778,85.86779423942188,65.95301463638889,60.92670043002202,64.178121134301,51.24566019276681,36.97718910075869,58.53592076346621,33.9287325782753,13567351175.0315,0.0522377907767719,31628.3287914349,-0.99478850862225,61859.9779118091,26535579845.0055,0.12592039557432247,NA,8.36999988555908,NA,NA,0.686,90,9.56,23.16,NA,NA,NA,NA,NA,NA,47.04447822329978,47.66040198096457,42.36150086709756,50.17268351383874,51.4496230094039,43.5781817451941
BGR,63.55997367305849,53.56133060983361,69.93841844407437,69.55264146718034,89.21180555555556,79.98747617427875,64.70435941541666,56.70260604814369,62.00246930992158,58.17420307007463,54.62673767119944,60.32587500910807,43.93176130191524,66230155099.5775,3.09244765360886,9427.73043039881,3.83955211868788,23634.1733970566,166030942578.739,2.209701099718025,40.4,5.71000003814697,5.011,97,0.756,18,43.552,5.551,NA,NA,NA,NA,NA,NA,51.56921096271352,56.07509266159783,43.227828287721586,47.18060932310355,49.434603262446075,61.92792127869854
BFA,43.89803312471886,50.59688826704407,37.8876836520779,26.15914281290647,73.75608333333334,40.40186397494156,31.68423583138888,52.27025424475092,51.64833981438864,47.59104586739542,38.28081522570717,51.57758478327187,24.92245968942023,16059910870.6239,6.73123560805429,813.096848960038,3.71461846870629,2171.97396576064,42899819803.8102,6.0505419499899755,35.3,4.96000003814697,4.587,115,0.629,129,4.14,0.273,NA,NA,NA,NA,NA,NA,42.435903667821584,46.06128989654288,55.938199590099316,44.29978941034897,24.469323293672616,41.410916148444116
BDI,37.52763496572845,36.31180431607136,36.55511496017661,18.42871369580805,56.49122222222222,42.21896091312218,32.87634419555556,45.56070768642565,44.47337928117793,42.19356922353072,22.58018943616825,48.80674068740852,23.83487297107432,3036931818.18182,1.60993308234522,271.752044376648,-1.55740735383216,780.074937173306,8717632291.23795,2.2642489912653954,38.6,0.800000011920929,3.775,145,0.741,31,NA,NA,NA,NA,NA,NA,NA,NA,38.40991642046168,44.000927723504645,59.95995585685007,34.585589651022865,22.401757327521715,31.101351543409066
KHM,50.1852772938507,41.91444126638924,51.67181199720468,44.38473982927199,74.409125,62.86200068527749,40.9916240313889,50.03729202553507,59.68272474020062,53.60602253012175,46.1709978775117,45.30419302739171,31.18835451591512,24571753583.4922,7.469169206999,1512.12670972847,5.87937290487541,4260.6589650485,69234847528.9271,7.023392876323761,NA,0.310000002384186,4.7,109,0.683,93,15.479,1.215,NA,NA,NA,NA,NA,NA,45.86642460482099,59.54490041050339,53.06195806400756,40.00706979542718,23.295772160575346,53.422422593591484
CMR,45.09942938304439,42.98722855975293,42.05452161251944,21.97730132008649,74.28075,39.03254393434625,47.39756792138889,51.11631190511548,51.89667708338015,44.95137891088171,46.02168576663536,50.32840145751212,29.14878412491376,38694156862.9922,4.06248684068682,1534.49370193468,1.37927140120948,3691.33429266919,93081560370.1737,4.5883215896892935,46.6,3.61999988555908,5.044,96,0.714,57,7.567,0.432,NA,NA,NA,NA,NA,NA,45.97780136181258,64.95244983718062,60.159230647958374,39.33212996389891,24.709528910321946,40.735667449703044
CAN,79.92199295786679,75.49083830503707,80.6487223126486,68.64911697380857,100,97.49746529630468,81.03320043680556,64.85437568763487,77.04314265047319,86.14510963197932,76.70897335781879,75.97610214930589,75.01686869258484,1716262621082.22,2.01363918733426,46313.1713712961,0.597463532971702,50939.392593709,1887700039980.41,2.226966387156541,33.3,9.47999954223633,7.278,9,0.771,16,586.505,15.871,49.29581165665162,0.04322686261579989,0.1414801212700696,0.523399026366713,14.214057567156793,0.036822633079528704,51.28320174327192,60.602053655264925,37.1379473435283,50.77288353662913,55.37796137085117,52.525162810086044
CPV,50.18516211015324,51.48893645272699,54.66365496719502,48.06147001005955,68.87222222222222,75.56729065951595,53.30769536722222,52.79643840560316,57.63504505399209,57.28098428346602,17.14916734268576,43.95489771427973,21.44414284287034,1966983316.56524,4.53116168333302,3617.32748873182,3.32584693684328,7031.35818821982,3823420547.93373,2.430829008206159,42.4,13.4099998474121,NA,NA,0.702,72,NA,NA,NA,NA,NA,NA,NA,NA,42.97543079345852,46.317344669625825,41.03767933154658,47.62496833238328,35.57182111691369,44.325340516823225
TCD,35.52021394107925,34.55805189477793,34.14673394440153,12.7723897764476,72.33702777777778,36.61180091836469,29.87287262569445,38.39964892671754,41.99579229699312,38.71931341398801,36.66675970243114,28.6070356343907,21.55514038096653,11239167048.4916,2.37403780037786,726.149881109447,-0.674995563522543,1614.71782309205,24992200401.0808,3.4458915057890027,43.3,2.25999999046326,4.35,132,0.58,145,NA,NA,NA,NA,NA,NA,NA,NA,37.13648777021372,48.45833885697212,54.82500394135266,35.26549338146811,18.498950272505823,28.634652398769884
CHL,70.26440664084289,63.63713029641788,75.23833310907818,61.25551977970645,100,93.43477486655468,69.63086593972223,68.20589120430296,63.24364122654402,80.29020375902283,62.66953200106238,64.31500373863346,41.25198376906958,298258019275.049,3.94932089095181,15924.7942393064,2.51338504277558,25512.7684280203,477832721931.34,3.5820242227973855,44.4,11.5100002288818,6.444,26,0.717,54,85.829,4.989,21.592622893363913,0.2042750867251073,0.1658256871035071,0.19248483169176517,1.6558232358694118,0.11624721016232054,50.57170522217936,54.24141489580714,51.779056958964716,46.5609205776173,46.1295843755742,54.147549302933434
CHN,72.60927208452368,54.56375309391391,78.12431169623125,71.48535796575891,98.29825,87.0465147628753,64.11148063597221,57.4178775841426,59.31786095146399,71.93430896408904,100,64.58444316755184,64.42710619228521,13894817549374.2,6.74977383254181,9976.67713725865,6.26420964046642,15614.3052820791,21746511395510,7.869935461730154,38.5,5,5.191,93,0.673,103,9956.569,6.276,732.3296823529413,0.14645236855332033,0.35787306961010334,6.62756203840336,141.69921799062107,0.04677204385730648,50.83128974375289,37.8536836056541,39.58604145471776,53.492328519855576,66.2491560368197,56.97523910171729
COL,61.63027775677923,50.26451512244925,63.00472647050412,46.74412401575465,87.34930555555556,90.91591128545811,59.94296937652777,54.04643761450499,57.92795978775421,63.75255625364282,66.49097232514572,63.59122904717353,35.53262622688001,333568923004.469,2.5153244557176,6716.91159778134,0.964597424962776,15055.6853046331,747681231031.764,3.7673532712422877,50.4,15.4399995803833,6.125,43,0.729,40,92.228,2.071,2.2301341838870727,0.016211255258246737,0.13837614495524364,0.021323612211063776,1.924238129584125,0.011081586984076826,47.401510457602605,62.02105315629126,49.83950682101666,37.050536856174084,35.0606295489268,53.03582590560421
COD,38.24125507766902,36.01262154900966,33.09749643773372,17.14054325187327,39.09722222222222,40.9644383001428,42.72841213916666,46.3184415800295,57.82365578473227,43.55284028593712,42.8462147280621,40.46488633542714,18.8482883176918,46831342212.5473,5.82112109989339,557.064418324276,2.46109267100694,1112.34609176137,93512812465.6893,6.431714089729113,42.1,4.55000019073486,4.418,127,0.582,144,NA,NA,NA,NA,NA,NA,NA,NA,44.484783068386385,65.25126271444422,70.04698092385307,32.82726401830597,16.310912273920906,37.98749541140774
CRI,62.13872602349763,59.05904882532116,65.08220433400626,59.60713430990872,72.997125,97.3820330421797,69.08220726138889,60.41753673883559,59.71909277684919,59.79348369340495,46.19549788448314,55.89592530523574,40.43342311035811,60553901420.085,2.6603752941224,12112.1344206452,1.64419088626954,20374.5902902574,101861562055.315,3.804282939410052,48,17.0799999237061,7.167,12,0.749,22,8.249,2.6,NA,NA,NA,NA,NA,NA,52.60148607021188,54.3688075117371,56.90739628170688,48.418118314778546,42.84846367653238,60.464644566304464
CIV,47.56758460805819,44.52808988295482,51.18856383468613,38.90648909627099,74.981375,37.97957485652126,37.2607427673611,53.5221357417622,52.11216033069789,48.96381713081618,47.77222468575803,55.26938851147441,28.32645345839526,58011466450.8643,6.89028431967284,2314.05068144953,4.19658336772906,5156.0938486893,129259297438.283,6.2547085311469,41.5,3.5,4.944,99,0.627,131,NA,NA,NA,NA,NA,NA,NA,NA,45.27888286827758,55.20255598797417,59.844553050606955,33.68682310469314,29.63488530672125,48.02559689139237
HRV,60.11451491151299,51.98017208073825,76.83478046414504,60.16371170106527,69.28819444444444,85.67691321723498,63.42843910972222,55.6596876512653,54.82873999389292,60.59279473693913,49.54980655328554,55.67599143655065,37.69494754887209,61375222347.0256,2.80760970078776,15014.0850191716,3.73029816624559,29455.5832646874,120409799859.47,0.8312888235194994,30.4,7.19999980926514,5.432,75,0.712,59,17.719,5.106,NA,NA,NA,NA,NA,NA,57.18011229831265,61.08756616931078,57.70057076985502,52.28113718411552,50.91241219816306,63.91887517011886
CYP,65.57248579660843,62.98280130343024,74.86209226689282,68.8108445932249,78.93055555555556,94.35951093615,72.8453897061111,63.2881213629144,66.8782740124001,53.31565610573956,39.06111070182993,66.86946545530853,44.6660075597441,25309818138.8758,5.24074782806838,28689.7067225792,2.79501433288559,39737.3251870293,36328662360.3176,1.1821196292828746,31.4,7.21000003814697,6.046,49,0.684,92,7.333,6.545,NA,NA,NA,NA,NA,NA,47.561110387976015,31.820279350811894,45.379000472962296,53.607454593934484,48.22320457791666,58.77561294425472
CYP,65.57248579660843,62.98280130343024,74.86209226689282,68.8108445932249,78.93055555555556,94.35951093615,72.8453897061111,63.2881213629144,66.8782740124001,53.31565610573956,39.06111070182993,66.86946545530853,44.6660075597441,25309818138.8758,5.24074782806838,28689.7067225792,2.79501433288559,39737.3251870293,36328662360.3176,1.1821196292828746,31.4,7.21000003814697,5.718,64,0.684,92,7.333,6.545,NA,NA,NA,NA,NA,NA,47.561110387976015,31.820279350811894,45.379000472962296,53.607454593934484,48.22320457791666,58.77561294425472
CZE,71.17671553167794,60.48262079589646,83.5163469380748,65.7450342514632,100,87.8222364214997,73.68536201124999,60.38402140685653,62.95222352738158,67.47739513018071,64.56801381840893,70.16979890714398,57.31753317197941,248908731817.502,3.1813140503092,23415.8436273041,2.83682396198071,42425.1669515594,450976470083.056,2.4335733801033137,24.9,2.94000005722046,6.852,20,0.693,82,NA,NA,7.906700000000001,0.013034910714447179,0.15625977425179638,0.08485522322818519,1.7051956397498524,0.04976274935856229,55.16692726523798,48.63665289514867,40.018979421372,56.60412590209864,61.212153099139805,69.36272500843076
DNK,80.62462032924725,75.8501885408715,86.29662717942637,82.34890991626165,100,93.37118976393532,84.94079433541667,66.85793098714446,78.0044616386116,85.76890360712375,59.55183615622639,79.14052318775892,75.36407863819032,356879499797.896,2.17564638865319,61598.5367043936,1.67027371371931,59276.2125135595,343424798762.209,1.8414371457834091,28.7,5.65999984741211,7.6,2,0.778,13,34.651,8.939,NA,NA,NA,NA,NA,NA,60.99842451977051,51.414960772676416,65.64749932446824,57.82490974729244,67.03995184283637,63.064800911579056
DOM,57.38287791183124,48.48574188943115,65.32579524453591,47.39634914872697,74.178,82.5399304098672,56.96683044527778,54.05440112237913,61.5533763115205,58.79751458678484,53.07208886485029,54.82331702875135,31.40118988984972,85555378043.7999,6.98252758438238,8050.63044036673,5.83455956557799,18143.2244783874,192811040163.862,5.705729115147687,43.7,8.89999961853027,5.425,77,0.701,74,25.305,2.495,NA,NA,NA,NA,NA,NA,44.4630204503171,45.44302217361132,46.56239055317072,41.04753309265943,32.98989944454302,56.27225698760102
ECU,55.84635886767359,48.39369264962569,69.71297029113097,45.6610169018477,72.959875,88.12874593399313,60.99187081944445,47.08324902928912,51.16106881770558,55.1276129203585,53.7190440801494,45.19945484925636,32.01770511928213,107562008000,1.28929193290502,6295.93539868079,-0.483387784029659,11843.3936365093,202336764977.653,3.144549839313981,45.4,6.23000001907349,6.028,50,0.729,41,41.818,2.883,0.706702665103,0.2888356671018091,0.09317907769608502,0.0072894384005197,0.7442830438821786,0.009793906310827676,46.58457571058058,52.55354531244432,45.473074182201906,47.012484957882066,39.3436333260885,48.54014077428611
EGY,53.59113101792448,48.08600188514008,70.4911027481,40.55458676900177,50.98427777777773,68.86381870476843,52.7532840275,48.20464175855008,46.37306545212194,52.25402291221839,72.79878942974133,54.06632883621686,37.66365191395721,249712999437.254,5.31412103746398,2537.1253654904,3.19443129839827,11643.2204975294,1145967618744.53,3.605932123257099,31.5,10.4499998092651,4.166,137,0.614,135,251.461,2.516,6.468686868686869,0.8203675792935823,0.1360009294079092,0.05766432866146098,3.8860967469438763,0.014838624052993443,38.94047507883576,33.899690140845074,41.48447107047138,28.651474127557155,40.25731129502675,50.40942876027842
SLV,52.81964556838003,40.66975788920349,59.74999404327689,39.48585286367296,74.871625,82.74419220941031,48.26575970527778,54.00076044489772,52.2354272795384,60.09938819148515,43.16439872333604,51.6278907382239,26.92069973223784,26117400000,2.43096049921077,4067.65944881154,1.91053750875901,8825.45174942152,56665966367.3877,2.4782499218832745,38.6,6.98000001907349,6.253,35,0.69,87,6.018,1.264,NA,NA,NA,NA,NA,NA,44.72778141598738,40.73518668921406,61.05722844080086,43.02557160048134,26.246982158532187,52.57393819090844
EST,70.75275760242242,69.54161950716238,75.213033507434,77.38061568728786,100,84.89035520258126,77.95565664569445,64.77195804081329,69.2607744967882,65.89135743585796,42.32281208582835,69.26786352592049,52.5370450937008,30631142226.8533,4.35546476501582,23170.7073775514,3.99289820775672,37473.2547812386,49538780935.9374,3.6088826297731136,30.4,6.46000003814697,5.893,55,0.734,33,17.711,13.809,NA,NA,NA,NA,NA,NA,59.38314079142684,63.83764829620955,49.84644489988962,59.40132370637784,55.80795793167806,68.02232912297914
SWZ,45.34611222217629,48.78987160402723,58.83713831787955,24.93579435432936,67.81004166666666,30.07564030381282,52.32719735458333,51.61555733102976,57.45096495743948,51.9033636830325,27.01817873849108,50.68329662052359,22.7063017343,4665424249.06156,2.37160969391897,4106.1971526456,1.3410378343645,8728.79177951162,9917574660.75508,2.65666498479232,54.6,23.3999996185303,4.212,135,0.665,107,NA,NA,NA,NA,NA,NA,NA,NA,43.07828568393924,49.84096537117443,48.827684061169784,33.99383273164862,39.57531538346088,43.153630872242516
ETH,44.45183107974748,44.8716525174136,45.50981610542178,16.03751915765515,67.96972222222223,55.96154278269374,32.55482240416667,40.95132329942368,54.56703871736697,45.99531669420113,54.63163674766302,47.8625815479421,26.50900076079962,84269348327.3454,6.81614779681703,771.523813864476,4.05389404381921,2154.7546051196,235352121497.407,9.935854703732431,35,2.78999996185303,4.286,134,0.656,117,16.185,0.197,NA,NA,NA,NA,NA,NA,47.02066397660581,51.72822397248944,69.6578905880498,40.04768351383874,23.521682293157546,50.14783951549353
FIN,80.26160620004491,80.97823926923009,82.29343673757114,76.98957191134568,100,95.4210548169519,87.87808054666667,66.94291069220547,70.86606005324074,89.74944626109694,57.39200345684231,78.30295327532535,76.32551738006273,275946554578.823,1.51758861140196,50030.8773106501,1.38302388903411,51318.3418366854,283047597358.784,1.2458167950240653,27.4,7.82999992370605,7.769,1,0.821,4,45.849,12.234,18.3585,0.009811239506794855,0.04815185363981134,0.1774975787568961,1.0976855957181872,0.16170165614750917,60.400401125544136,60.537315895372245,55.279047769194364,61.56964500601683,64.34920597968355,60.266790977453724
FRA,78.0073276297717,69.50018593094283,90.1285194707947,71.0746830022855,99.87949999999995,99.0842907445753,72.57517916097223,62.5390806399695,61.48563441893719,82.89645333897452,81.4554009418916,69.40810242741402,76.06090148050303,2787863958885.49,1.79286392711333,41631.0907389044,1.63852667485413,48136.2068705809,3223484993309.12,1.3644937110658235,31.6,8.61999988555908,6.592,24,0.779,12,331.725,6.799,54.9061316805991,0.1657859694220878,0.1581961657345965,0.6140236714813938,9.679135769970886,0.0634378611969032,55.51761842090046,48.830087189805504,56.73109328711257,55.60993366760569,59.69745027706776,56.71952768291079
GMB,45.45061916307996,49.29891408208639,52.14516262456023,28.32845961289511,63.58848611111111,57.09983431984313,43.99029232652778,52.55341797510608,54.50388646353869,49.6404769636898,15.99203045368053,47.85199172109671,30.41447730282397,1670670668.5939,7.23489033258579,732.717513775219,4.12107892452607,2210.63867300666,5040481659.59984,2.5048646854111123,35.9,9.64000034332275,4.516,120,0.642,120,NA,NA,NA,NA,NA,NA,NA,NA,41.5391594358115,46.80411730544072,53.51883966577331,39.94629963898916,20.780861882037247,46.64567868681706
GEO,60.87606347472297,61.04183766016767,66.72177380918319,64.82369459776102,74.49152777777778,78.16253966067998,68.94701767569444,60.98263691232287,65.60269735700106,54.10311370634329,40.90117159733283,62.0613592701723,32.67339167223931,17599700090.762,4.86993477619603,4722.78778321766,4.91088036824362,14604.3844435456,54423954243.7106,4.856990030865052,36.4,12.0500001907349,4.519,119,0.677,99,9.862,2.818,NA,NA,NA,NA,NA,NA,51.232155832972765,52.58550879252076,49.602396342424704,47.38101684717208,47.25789450082393,59.33396268192232
DEU,82.83885508048462,73.45756724915066,90.20232868591447,69.26823347940126,100,94.47754263084218,85.39631107013889,72.0177135410829,74.1097450651028,80.21019965333019,85.8185372908209,81.58604115041682,87.52204114961438,3963767526250.98,1.26799523225071,47810.5076706348,0.964114715764183,56689.0957331988,4699853812633.71,2.0847344627095876,31.9,4.30999994277954,6.985,17,0.776,14,755.362,10.365,224.101,0.07975383171424877,0.10336492563597766,2.117453836581867,13.139899974414192,0.1611468763616877,54.57111785009001,36.85771415481168,52.681589699858506,56.302338355902705,60.437495833653486,66.57645120622364
GHA,51.33058966372455,55.72018246801682,50.25757148776671,45.66429279927603,54.84236111111111,56.0068326021447,51.34649473736111,56.80470590873604,55.9140731874122,49.57783085551239,51.82919510735295,55.2757014635183,32.72783423648613,65556464048.1539,6.26348073195742,2202.31216442504,3.95866714679696,5320.97563352151,158390056348.403,6.831390642773641,43.5,4.53000020980835,4.996,98,0.688,89,14.48,0.64,NA,NA,NA,NA,NA,NA,48.48508391198407,55.62068250144093,63.81428346208417,40.63703369434416,27.25680088747669,55.096619014574365
GRC,62.09629874676801,50.48104751604733,76.21311321519163,58.86934795687623,73.63187499999995,95.71902447977436,70.37720542125,56.69801757750057,51.80233770325638,49.37723395826112,59.01489513224114,57.96944618413808,45.00204081667935,218138367208.799,1.93437065932918,20324.3049917812,2.14138527826017,31467.072960927,337732380975.02,-2.400332125259796,34.4,16.8500003814697,5.287,82,0.696,78,71.798,5.708,11.559133422975211,0.10682708039315081,0.14922148219540698,0.11015466226189323,1.1455495341891393,0.09615879451242117,49.96193758734898,44.738752384187954,46.03421094119842,50.01353790613718,49.877556030796214,59.14563067442509
GTM,53.36270658301328,43.52255050483131,58.30285198655201,31.07344865744297,74.37675,74.5726926487128,52.57515677277777,61.12101280588639,51.32718080650865,57.35719567952955,50.83506177786268,54.55003631226155,30.73854104379374,73118147941.2704,3.21490625017888,4472.89237082577,1.57621701157954,8654.26854760144,141470895234.213,3.4612520135443687,48.3,4.65000009536743,6.436,27,0.668,107,19.411,1.399,NA,NA,NA,NA,NA,NA,41.61494065333889,45.47505047352802,57.67649377266275,33.28399518652227,22.37955256553575,49.25961126844561
GIN,43.23127279714448,41.58612013616148,37.15377668494462,21.04113814924507,68.6888888888889,40.37628834332811,32.52340794486111,53.13491245685313,46.50834450769436,49.59068300292953,36.96056814024286,59.42195646739584,31.78918884318873,10907214993.5687,6.1997746873985,878.599613250501,3.23321207265626,2556.77368136728,31740601534.5241,6.126156189116022,33.7,4.34999990463257,4.534,118,0.656,116,3.032,0.244,NA,NA,NA,NA,NA,NA,41.97563717050997,56.37860959249638,54.628093961847696,41.935920577617324,17.564129266608173,39.371432453980276
HTI,36.4508554714887,32.92203840244589,28.574252888629,22.57735359210934,61.01818055555555,49.67793017740687,39.04510499388889,42.79928879960381,49.36553542348844,42.93034396846352,33.28038106204333,14.89739992419389,20.32245587003579,15965670198.4548,1.66782666363679,1435.35175551073,0.380797970347516,3065.20507847435,34094815563.9641,1.8535906359355556,41.1,14.5,3.597,147,NA,NA,NA,NA,NA,NA,NA,NA,NA,NA,35.541376744752654,31.06789268947015,52.47926848494403,32.41922382671479,31.29012475362638,30.450373969007924
HND,52.46127891787915,44.67296251662198,58.01903635804175,28.12198215317445,74.162,75.83925219362283,48.24994684097222,56.93342949712329,56.37237460571983,59.7968487801986,41.94798256027315,53.90644955429806,31.5130819545036,24024189735.8876,3.69672956910365,2505.7767518955998,1.98232777609925,5810.4295077939,55707620735.4232,3.757539413610822,52.1,9.39000034332275,5.86,59,0.706,68,10.471,1.317,NA,NA,NA,NA,NA,NA,42.17198754620126,45.831213083324165,57.605946898693524,33.9774670885967,32.59509818977595,40.85021247061592
HKG,82.25146144499804,76.92803908601225,94.01902238379725,87.93126528513804,100,100,77.41339990166665,78.95543611682945,74.22843356134058,90.05034345722865,71.0931375086678,74.53828917895919,61.8601708603367,361696880780.762,2.8474613899544,48543.4009905733,2.02893307691932,62551.0585892232,466067937548.302,3.37137066680049,NA,5.80000019073486,5.43,76,NA,NA,42.506,14.684,0.11147048409166904,0.10365894820659038,0.610525857877579,0.001229548360303607,1.2413246367922715,9.905131372248475e-4,NA,NA,NA,NA,NA,NA
HUN,64.30588346728426,54.17436286076762,78.37949134562395,61.0320434843008,90,80.69769999431249,68.48292557819445,54.3746227883162,57.76500551743023,59.82054956738224,61.73028571679875,57.24606984023517,47.96754491404916,160418835850.907,5.40529410393094,16410.1872639683,5.53901901816371,32834.0393954427,320971253488.671,2.6055404729172698,30.6,4.34999990463257,5.758,62,0.674,102,49.628,6.904,4.256,0.20497529709091378,0.04448552369253678,0.045340576814674925,0.9932954857906223,0.04564661519485885,52.88181344823097,53.498259900778365,48.3402175626675,46.028880866426,57.50261831782005,59.03909059346294
ISL,74.50933539957904,74.2600229638823,76.4186293575139,82.69595818996979,100,98.37301116970467,83.33369114875,60.94644364431557,74.99576414652833,69.31448689386204,31.45523085094917,76.57914905390004,65.73963737557267,25737594324.022,3.81442300431327,72968.7042280499,1.07102457659505,58945.2341945835,20791221950.3477,2.8550093468291298,26.8,5.01000022888184,7.494,4,0.858,1,NA,NA,NA,NA,NA,NA,NA,NA,60.73738914280435,63.79819436943275,52.04388490987995,65.3692839951865,61.26445850490457,61.21112393461796
IND,62.02034109462025,57.90300828544345,68.6922980615188,27.97788966145554,89.84641666666667,59.01793550943657,54.47282696930556,50.90954087297622,58.27719595065389,69.54793464734911,92.68404572284223,61.15113001581311,53.76387077198185,2713165057513.35,6.11958684136602,2005.86300452403,5.0244733311182,6655.06986000407,9001762811692.04,6.934176598476755,35.7,7.1100001335144,4.015,140,0.665,108,2591.324,1.741,134.9327894709131,0.09441271037518173,0.1715538825877838,1.2075054161143055,34.05951445882368,0.035452807689731504,42.36470400672031,35.30300785193583,50.640075673971296,37.78850782190131,35.68093580463802,52.41099288115507
IDN,64.93514038690243,57.8952908247332,66.82751470171738,61.11586879399862,89.656125,71.70566770935814,64.14701559694444,58.48769614969429,57.79878724669514,63.87140460085485,81.61817543170336,68.95221008667747,37.14592850045251,1042240309412.58,5.16970560898147,3893.84642475571,3.98405714717092,11648.5426729456,3117888944584.7,5.459611572156513,37.8,4.1100001335144,5.192,92,0.691,85,576.584,2.21,15.953712384473999,0.09041864482796469,0.051111062321965495,0.39122299263186766,8.91126281738549,0.043902082190709096,47.442725809802766,46.78070335830739,45.58240997462672,43.95051143200962,41.78501850814012,59.114985775929966
IRN,54.85298037704116,44.25150034021838,65.36739096065457,47.60783394535297,66.883,77.4723364648803,56.95724053972222,42.02017012881817,43.12156657598935,52.45199454066018,74.47866287180828,50.00916448620733,37.61490367018227,453996479250.212,-6.02597852573442,5550.06095701484,-7.31991842608916,13800.0234652712,1128845631665.5,1.6903622245639438,40.8,10.960000038147,4.548,117,0.589,142,755.402,8.45,0.5525169174128368,0.12092157152051008,0.08961728465876728,0.004925345400615866,12.343898052067518,3.990105378252784e-4,45.34708794579107,42.20687431901304,35.29150244363865,43.06528279181707,49.970014217182985,56.201765957303586
IRL,75.67779840104805,73.12824165367083,77.04566505416045,66.04296642643746,99.35208333333333,95.14521693976876,79.89192240333334,64.21415662903392,76.7789828315785,68.5227559610478,64.0260255003334,76.93620492974009,67.04935915013861,382674360648.245,8.16987071841437,78621.2279310086,6.83804759199045,86800.5774159093,422485839265.694,6.382552567379295,32.8,5.92000007629395,7.021,16,0.796,9,38.803,8.587,NA,NA,NA,NA,NA,NA,56.75915091010404,45.41287921020262,64.41353680799847,52.88034693641232,52.24340680750406,68.84558478840273
ISR,76.63028900062426,66.3250526440365,83.25800107129268,66.6986023169469,99.0951388888889,98.24649200754467,79.97983214291668,61.06235191801443,71.94881309753458,80.13131677901919,59.16488705239108,79.60588949564294,74.04709059326228,370587977125.732,3.45370255788211,41719.7254385703,1.47961751897985,41469.5507734912,368365725610.767,3.756741293020819,39,4.6100001335144,7.139,13,0.722,46,62.213,9.582,2.8845983866535816,0.6526772875298659,0.5885477990159538,0.0259571612329466,1.126056235630505,0.023051389807732456,48.900585630033,31.57980895938456,44.052656471701084,47.19645006016845,62.04901270157875,59.62499995733216
ITA,70.76946152203722,56.3954683708843,83.07040800779178,60.34122970639406,85,99.22821772448063,70.09624767638888,62.55282014886534,58.05764003620303,64.26960925276435,79.08042659586607,65.3832005294625,65.75827021534575,2091544955092.31,0.944089468582305,34615.7568910987,1.13612992123255,44471.8706651752,2687068696082.25,0.25309177962734924,35.9,9.3100004196167,6.223,36,0.706,70,348.085,7.684,67.622,0.026581207039273247,0.1408760817741881,0.6358400508331703,6.37351481906402,0.09976285752584887,51.60815335010739,41.37436861814113,54.597995626401755,53.16410950661852,50.895290965006026,58.009002034369544
JAM,57.87941447825264,50.89950278299379,63.48961265242973,44.39217120170316,70,79.19240328619344,60.88686186069444,55.65858900915312,67.17196748923588,64.02944937863377,36.05902872224079,68.48154017977153,34.291847175982,15713908816.1463,1.94087814684517,5354.2368587703,1.45452492809596,9975.19907347599,29275762876.7864,0.6762537724439599,NA,8.39999961853027,5.89,56,0.724,44,8.01,2.934,NA,NA,NA,NA,NA,NA,42.500946242232715,38.55810332719951,55.18398234274105,38.55457618080302,38.29423650057938,41.913832859840575
JPN,82.46773042806363,71.13023393247518,91.45506566085956,87.40750975140814,93.86913888888888,100,73.67505540166667,72.8558054438193,71.07083129460057,86.440103938505,86.68808509161474,75.73569835805212,79.28523737487342,4954806619995.19,0.323207337906922,39159.4235633952,0.526738907751451,42811.0363720993,5416841902228.99,1.3536398215644032,32.9,2.97000002861023,5.886,58,0.662,110,1135.688,10.318,121.16168391281234,0.2473946521134931,0.13003902031090964,1.0995661599030264,18.67373845353464,0.05888302241348444,52.478715262449484,38.41664520456069,44.925979700628325,57.87631355423094,65.71952015407476,55.45511769875268
JOR,59.29371268492383,57.69615080377845,66.57582247800848,52.3339886694515,69.92375,78.44748837668689,64.42291674902778,53.80448480610858,55.58768697103334,70.72161311946691,48.71669271929967,54.43262938676411,38.86132813946013,42932112676.0563,1.93409167155136,4312.18011672108,0.123545168236532,10266.916995126,102217538539.562,2.4430348485570543,33.7,18.5,4.906,101,0.605,138,24.924,3.442,NA,NA,NA,NA,NA,NA,39.52116239246942,29.066429282933925,47.43417941037363,41.423736462093856,33.13011950981326,46.55134729713242
KAZ,61.80479518898739,54.8822444779753,67.32396683258182,64.93081609331139,80.29027777777777,70.83386176395625,67.02184029430555,57.27814231529365,65.76209721806681,52.21024141204482,62.97625502245319,66.03045560925422,32.11734345082792,179339994859.384,4.09999999987123,9812.60140498928,2.74027498197631,26166.5389044589,478232709037.535,4.466666666733791,27.5,6.05000019073486,5.809,60,0.712,60,319.647,12.939,0.7915863019521538,0.49084523167148775,0,0.007237430586021659,3.099800999032655,0.0023348049078893195,47.10583191852756,52.304293803389996,33.02343098363187,49.037906137184116,45.467216598541675,55.69631206989009
KEN,53.66756209422506,54.5907818620504,54.76158358854183,30.21166209234184,69.53704166666667,58.09547755914437,55.44639349375,54.76516254444313,59.9323507880699,57.76336563647109,52.22978270714916,60.16514756375682,36.51199562831554,87778582964.1388,6.31845070162866,1707.98680529003,3.89485265240693,4306.20698490108,221308938637.091,5.892731327026418,40.8,2.98000001907349,4.509,121,0.7,76,17.137,0.531,NA,NA,NA,NA,NA,NA,46.52128004860003,35.68294969818914,69.55194702822007,40.271510228640174,38.908728821824184,48.1912644661266
KOR,78.83839538847262,65.44976224073064,91.33924680824158,91.25511595773237,100,96.13151029532001,73.57655954013889,56.17548795870307,62.40786603300595,81.35653460408466,78.50770919503978,71.63879287153347,78.22215915714101,1724845615629.26,2.90740377377135,33422.9442100836,2.41941019228105,43678.5011798023,2254100380376.12,3.4536900689662198,31.6,4.07000017166138,5.895,54,0.657,115,634.934,13.445,29.235462860550687,0.21770330170746277,0.3092107776849373,0.28942119049143095,12.370825137255345,0.02339546370434296,51.34999090360286,35.52372536020156,31.87734510483997,56.8765541292218,74.80187983270261,57.67045009104834
KWT,62.14279655464797,56.01897762014809,69.34885424883535,56.77030965147512,100,88.24451262967999,60.05532367402778,55.88847296044447,49.97596959615056,64.77406242917917,59.91474173720126,54.18488606723353,30.53744804140037,140645364238.411,1.24627381406719,33994.3819171507,-0.741130963542489,51708.2536121239,213933178168.484,1.7319104469579032,NA,6.78999996185303,6.021,51,0.63,126,104.218,23.215,0.1598703990587641,0.9144208524274011,0,0.0014251453844812399,1.6376046782953795,8.70262159952246e-4,41.15115998885628,35.493004433030464,27.33343843607125,50.81077015643803,36.692061188328964,55.426525730412706
KGZ,53.02411429595581,50.43483180154575,54.32680934704462,52.75758934943404,75,70.17092370468718,58.77566171805556,51.57602792002977,57.54991081506105,48.53063019168477,35.98217847300214,54.47024798052371,26.71456025040106,8271108638.39931,3.75791011727753,1308.14016549619,1.7132090986445,5258.19559200522,33246519089.1306,4.116177144799542,27.7,7.8899998664856,5.261,86,0.691,86,10.169,2.64,NA,NA,NA,NA,NA,NA,NA,NA,NA,NA,NA,NA
LAO,49.26590456313054,44.52400785586688,57.51547304863546,42.71189025414283,68.532625,59.63081815891751,49.53018645222222,53.50159480015702,55.41795481487294,51.2827152495036,41.09613917450697,40.08294953279942,27.36450041594168,17953786416.1431,6.24796000755872,2542.4865281792,4.61588222048861,7777.78103179085,54922855200.4583,7.51814591976309,36.4,0.949999988079071,4.796,105,0.748,26,32.262,4.101,NA,NA,NA,NA,NA,NA,46.46849654617943,72.80606182500135,47.77644647643069,40.95848375451262,26.669885434855807,44.1316052400967
LVA,66.24561767032195,57.88693669053357,73.10055818797758,80.3762965684069,100,78.78544499766251,74.45716444972223,59.81417792512282,66.78020566774885,53.48694469121486,43.96029503152514,64.30948726129674,41.98990057265208,34416012859.1866,4.02431104454983,17858.2799784486,4.83797004196551,31771.4411689115,61229095363.2559,2.5947098911926023,35.6,8.1899995803833,5.94,53,0.758,17,7.859,6.879,NA,NA,NA,NA,NA,NA,58.17299471260007,62.08118820231285,61.5424642805838,51.751654632972304,49.42574269446029,66.0639237526711
LBN,57.71841300544018,45.24409427052108,58.53885965289959,57.04589917922944,67.877625,88.37482186226909,63.62690477333334,51.1833213414051,54.16497511916971,66.70570895183263,48.86701286101192,52.41740093039238,38.57433212321776,54961275741.5589,-1.92640477078561,8024.80327081387,-2.45697312281644,15992.3210915018,109530207731.614,2.035647694906331,31.8,6.6100001335144,5.197,91,0.595,140,NA,NA,NA,NA,NA,NA,NA,NA,37.93368096799624,26.478462645757357,39.887434967680896,44.51850180505414,35.935013762246214,42.848991659242536
LSO,42.31866713655996,46.53891160385312,35.62302847211588,33.54089350253711,72.35694444444445,11.93261888139126,47.76162382694444,53.19293953172722,59.91886631755654,48.46460820786334,24.79165872510971,50.04637806344275,23.65553406173375,2575892261.54044,-0.452672992848008,1221.88376322756,-1.24220197279783,2815.49832424344,5935442113.28397,2.8797063225373862,44.9,24.6499996185303,3.802,144,0.693,81,NA,NA,NA,NA,NA,NA,NA,NA,41.3149071514628,49.34331278901481,50.63187766041305,34.6649227943517,31.87293755851409,40.061484955020326
LBR,40.54749445764337,45.10032138917688,34.81703171165791,14.88665878408964,63.39784722222223,47.72095759267126,37.8119552925,47.17200961893269,51.76954131135926,45.78733196976541,20.80050453116791,55.30230474630916,22.00346932186814,3264000000,1.22255131299607,677.322178545363,-1.22975996453046,1533.47153398619,7389764052.43416,3.7545749384901534,35.3,3.29999995231628,3.975,141,0.681,96,NA,NA,NA,NA,NA,NA,NA,NA,41.37638465720679,56.00547746640651,54.87214251931263,37.717509025270765,23.45809785673646,34.82869641830757
LTU,67.11914960675828,60.9045787614961,74.70183911251777,75.78932498782149,100,78.7525073315794,73.32303975902778,57.73336877542194,65.24098751957476,56.94708203778454,50.14827374132492,64.5331879396673,47.35560531488329,53722883091.3513,3.9368459012309,19176.1765182085,4.93334807196575,37493.4761888753,105039585762.61,3.4871168182970633,37.3,8.43000030517578,6.149,42,0.749,24,13.669,8.118,NA,NA,NA,NA,NA,NA,55.86991719013334,57.495273748116965,62.30238397067981,51.19735258724427,48.171150704079935,60.18342494054572
LUX,76.63068227747486,75.20929754438136,84.68133386628901,74.83171950879539,100,96.75049537623126,74.66588142347223,69.26522753830062,73.67270439456964,86.54939322755648,49.9541172128001,65.8010613151951,68.18695592210705,70919958015.5247,3.11083626560442,116654.26106674,1.14105379601197,120325.92117394,73152143777.697,3.199543563314518,34.9,6.96000003814697,7.09,14,0.712,61,9.569,38.195,NA,NA,NA,NA,NA,NA,57.952696000326654,46.84662238680565,68.28225283304889,58.866209843180606,51.843478735932194,63.92491620266591
MKD,56.62004145877089,50.636530360167,64.49680652957517,54.02905547835269,74.64875,79.9583188606397,58.98917995972222,51.49604075511524,58.09952179013823,55.61646702505379,39.17879354084374,61.17169606430227,31.11933714134052,12683073866.1105,2.89999999999999,6088.97244500876,2.85247633413637,17197.845002956,35822388831.6671,2.498075325420547,34.2,18.3999996185303,5.274,84,0.707,66,NA,NA,NA,NA,NA,NA,NA,NA,50.41560857513535,51.5524339777696,49.29244836827999,51.94629963898917,43.04655435940944,56.24030653122856
MWI,42.43642380478056,47.97278562629752,37.82960817122115,22.98493312666403,57.45277777777778,39.73022052622157,38.13501371680556,49.17279119006519,58.19273003260389,47.65264802095582,34.15022290407766,47.38165155307296,28.58170301160356,6917301908.62757,3.1700032203733,381.258987601084,0.480027001947178,1067.92232994465,19375651227.7197,4.107554957307193,44.7,5.98999977111816,3.41,150,0.662,112,1.47,0.182,NA,NA,NA,NA,NA,NA,39.90366865046906,46.896970647716586,55.344316569446626,42.32551143200961,19.464026481017,35.48751812215546
MYS,74.3814534579872,68.70005624190392,77.88827197224805,69.0701699826472,100,82.57069061395188,74.20370348763889,63.55569871581751,70.1801440512622,84.10883472236684,73.04026400447908,73.79584089795875,55.46376680557198,358715057123.739,4.769927023631,11377.4550023015,3.3624412141553,28228.9594497661,890019147473.504,5.446291348192254,41,4.55000019073486,5.339,80,0.676,101,249.144,7.788,1.6834539645890632,0.28808722963768596,0.04403569185729972,0.0310990379224106,4.261898097369483,0.0072969923756753974,47.04737801047254,48.65601475519786,34.65643802578764,48.559416365824305,52.67962544291669,50.6853954626362
MLI,43.63021367008278,40.33741691394199,42.74157824619196,26.66916953505617,73.66730555555556,42.78895388836374,34.13916024569444,50.39287263385812,46.56695740786178,45.56281621123474,39.75433598121857,51.63530938659154,29.30668803542476,17070758732.1991,4.74648432724561,894.802186858006,1.64271397537101,2339.34141732379,44629230363.8639,4.3495695814837445,NA,7.5,4.39,128,0.582,143,NA,NA,NA,NA,NA,NA,NA,NA,39.628638330495086,53.80106186166696,53.29339429292133,39.33925701881357,14.456125431359853,37.2533530477137
MLT,68.7532284965104,63.46025228330716,71.73701394861723,72.44385784382601,100,96.6495369598622,72.37433830305557,61.47567544421537,67.76436514854424,72.20608123199628,36.73393163898417,59.22384094139263,50.96984821432407,14750790658.4025,5.17859848221423,30437.2215058962,1.56919487253735,45534.4413180741,22067356295.9783,5.547588024396101,29.2,4.09000015258789,6.726,22,0.686,91,1.532,12.132,NA,NA,NA,NA,NA,NA,50.86194980472416,32.401239174814506,56.01276998265803,56.188833683999505,48.65993418223067,61.046971999918114
MRT,40.7709392972548,38.42025638591554,35.38237624680274,27.71982521744584,70,65.59315593727094,34.59091715805556,39.43543394339409,42.83698529140841,38.94507410659092,32.19584252925981,38.67057973446399,25.46082501644974,7049169770.86399,2.11526763746781,1600.87646860561,-0.684871982415757,5165.25670676642,22744272996.782,3.5487059498138414,32.6,10.6599998474121,4.49,122,0.607,136,NA,NA,NA,NA,NA,NA,NA,NA,35.13883522463097,41.72344064386318,40.695254611382616,36.83453670276776,19.894130714471324,36.54681345066993
MUS,63.74144920345743,62.8053332535806,68.02663812760196,62.07372708360706,90,77.68307226465501,61.01901931374999,65.58322417910429,58.33051223851245,77.7216231692399,36.90791228872472,66.468503254513,38.27782526820018,14181951058.5129,3.75967723144153,11208.3438184474,3.70309459685545,22749.1287827737,28784540896.2299,3.7800750257130753,36.8,7.1100001335144,5.888,57,0.663,109,4.902,4.742,NA,NA,NA,NA,NA,NA,49.453889514464784,41.46770757880617,42.638026170581725,47.39810598333241,51.14240839929163,64.62319944031199
MEX,64.60294997499535,47.72987156356248,72.91396451066868,51.27534906982303,99.4,84.56996905595342,57.90635530416665,57.47527040745761,54.38675162486261,60.78976092900368,80.56013714877173,65.5172310593428,42.71073902633151,1222348807283.2,2.19499204896051,9686.51378326598,1.05030514644675,20348.7899134138,2567829834020.14,2.9843465673213254,45.4,4.71000003814697,6.595,23,0.721,50,451.081,3.751,37.78882120789369,0.6183919846822261,0.10364010086118203,0.3452919956857894,7.720742455459002,0.044722641336345625,46.36955271001722,49.311111743560325,47.68478837115253,40.8234055354994,40.23450956358613,53.793948336287706
MDA,55.53068359756738,50.77935380093997,64.9719487049605,61.73946538411722,71.55763888888889,72.73783862481781,61.20352537680556,55.70012933040169,59.11784374958834,45.6317894968401,34.4287001549113,58.34616481447052,30.15380484406675,11456717193.2501,4.30147772232226,4233.74343674119,6.19432639929207,12674.4455300473,34297670652.1389,4.381649558398808,25.7,4.71000003814697,5.529,71,0.733,35,NA,NA,NA,NA,NA,NA,NA,NA,49.76770115269426,41.88265708064139,57.10988491250196,51.724250608656625,41.16372167607218,56.95799148559912
MNG,52.7426329261588,51.10882627794253,56.16066393326108,48.65120417178736,65,62.21306889020688,57.37306545069444,52.32195318209094,63.4811206634741,50.20675910492926,40.48523553253055,54.95027715101842,30.95942075597003,13108769495.7425,7.2466296361045,4134.98719823511,5.33766339043996,12205.8430364275,38695061240.8267,7.960199735646364,32.7,4.32999992370605,5.285,83,0.714,58,64.508,17.265,NA,NA,NA,NA,NA,NA,43.78738928865833,46.99519663385446,38.24418429288661,48.63791159612841,35.286899089680084,49.77275483074208
MNE,59.61710520196012,54.67750874321215,62.22238128882199,57.1315080103609,69.741,84.77057672349844,68.063259145902,60.85922544090296,67.50990936033617,63.87500754067624,28.22225197045743,63.44549511390189,34.8871390854512,5504255213.57871,5.07791065599665,8846.0565253174609,5.10256624785586,22227.3079198329,13830431125.0339,2.7450884894011764,39,15.8599996566772,5.523,73,0.706,69,NA,NA,NA,NA,NA,NA,NA,NA,48.065599638753426,49.179183572928466,45.461453570865515,51.5632193945803,41.978350037897094,52.1457916174957
MAR,58.48921619464729,56.56543558637733,71.53939577447937,44.18117235348696,89.98874999999995,74.90623603845907,45.17850873,55.19320486458116,49.99947836185085,66.2897571659593,60.03182745588034,53.94885366072982,34.04797434396333,118096227400.092,3.14850265040512,3222.20063433213,1.68827508535729,7613.14286811515,279170566828.942,3.5855534466620553,39.5,10.1499996185303,5.208,89,0.607,137,65.367,1.869,6.280652000000003,0.30612155616077685,0.31207661940212694,0.05598811451044656,0.9490219735402979,0.05899559343350563,41.84442201793394,38.43579537385118,45.48762415260918,36.4423886883273,37.87344331994184,50.982858554940194
MOZ,39.75360719747464,41.183344819542,37.30585470457759,26.26812364242493,44.49069444444444,37.73786631090874,28.24768476930556,49.58597358944751,42.45099345156392,49.54110308996809,40.34961999729709,52.79003958755498,27.09198796266086,14845870050.7092,3.44381383971462,503.318727177274,0.473500298131697,1321.15604532904,38968768509.0956,5.919213460866587,54,3.39000010490417,4.466,123,0.721,49,8.383,0.598,NA,NA,NA,NA,NA,NA,43.715749299594535,55.47387525150905,57.912659624783224,43.31723826714801,26.57415888949138,35.30081446504097
NAM,52.67358647411127,57.15920291756988,59.66902908076798,37.30373510914838,69.94490277777777,51.46975424748563,52.73190432958333,54.42939967749843,63.71294567731627,65.74537872516687,36.20284483635626,49.65269283848993,34.06124747217464,13454211343.5949,0.698369455009356,5495.42892533452,-1.17932790999555,10173.9159602177,24908340619.1828,3.5836591259286767,59.1,20.3500003814697,4.639,113,0.789,10,4.154,3.708,NA,NA,NA,NA,NA,NA,40.59546919214673,44.185969148222675,48.210310578590565,36.39485559566786,33.42900109966946,40.757209538583076
NPL,50.78637072835992,48.54130188851695,48.48096195072848,40.5135755808695,70.26651388888888,66.77544870626093,48.40927500541667,44.80193306065151,49.13557548809622,62.85000048776166,46.72407553195169,53.97105635954836,28.96673079162826,29173513475.7073,6.70099546017006,1038.65164702968,4.95069677945885,3331.98021747011,93588230522.8523,4.663708485262353,32.8,4.44000005722046,4.913,100,0.671,105,13.41,0.686,NA,NA,NA,NA,NA,NA,49.415943131976825,51.297594799056924,61.342267066057055,47.7283393501805,32.662176067191254,54.04933837739839
NLD,82.37973267223747,77.92882623215988,92.38478925286685,75.08954881281443,100,95.95187325621998,84.50099312374999,72.27632560001283,74.911392508285,83.74986889423667,73.9485766075761,80.29278933030244,77.52180844862566,914043438179.607,2.36091509478513,53044.5324352253,1.76493726416223,59728.3305217944,1029216133699.28,1.3977217569146767,28.5,4.09000015258789,7.488,5,0.747,27,160.17,8.954,22.280461000000003,0.18001012116767057,0.06562790207943414,0.22896456020223532,3.511168769883968,0.06521035450249855,52.86097543246256,37.488295880913725,48.87757911924276,58.7241862396411,59.78126326981501,59.433552652700186
NZL,77.50755240218201,81.55430324791861,76.11185967590606,73.3696444973217,100,96.23618458653876,83.21652429458334,73.49887315945062,78.3907351755425,76.11875018194893,53.79452968218998,76.4486545703624,61.35056975442126,207920613961.749,3.11624261537958,42949.9305849512,2.11298398551294,44660.519298475,216201573923.918,2.8871814415016956,NA,4.55000019073486,7.307,8,0.801,7,35.08,8.157,10.808778379944073,0.023664137284012732,0.05512646882652317,0.09646764355936388,0.9164638828531173,0.10526071497661502,57.16505132717663,60.93871378674062,51.6667192180356,56.14545728038507,54.29285289368572,62.78151345703608
NIC,51.50115650945992,43.93599961031476,55.24155187262439,31.98016642730604,74.04237499999999,90.3675934970372,45.54881137458332,53.7589060463562,52.78850297704028,54.00794420621381,39.65797018793587,49.64677708976964,27.03727982433744,13063904770.3561,-3.9498638070627,2020.55192996381,-5.14810003132672,5833.65294803491,37717558973.008,4.1080542174216435,46.2,5.82000017166138,6.105,45,0.809,5,5.377,0.987,NA,NA,NA,NA,NA,NA,44.097793308725954,55.144170829803024,58.04601728594795,40.54422382671479,29.392981701656506,37.36157289950747
NGA,47.52677516551537,41.74195765107733,42.30451859854809,26.24379312561238,56.37608333333333,50.88583185177313,40.15910740069445,52.36456420575601,58.50659697527277,44.08127694870119,70.81356746102865,55.43235074373827,31.41165369064876,397190484464.308,1.92275734157302,2027.77797925505,-0.679719293893626,5280.65225985326,1034346388429.17,3.8099070721419173,35.1,9.01000022888184,5.265,85,0.621,133,136.078,0.663,NA,NA,NA,NA,NA,NA,40.93532133509553,41.42553856472166,59.999527037679314,33.40246121045506,23.62382046104723,46.225259401574384
NOR,78.15747932745576,76.71553562941163,74.65276384057373,81.6375131015077,100,98.41261934725063,83.92817717444444,62.84535651719357,73.46243587066172,80.09188136989572,61.33565387066384,77.0238587262877,67.7839564815785,434166615431.909,1.28954820126177,81734.4655736102,0.623147013717045,71444.2376062032,379505788848.192,1.5601653793225119,27,4.61999988555908,7.554,3,0.835,2,43.818,9.058,5.910886088422377,0.4134980431574178,0.11528671134103319,0.06842156666311149,1.7668117034624065,0.03872600941516648,57.685644423861504,57.48865325285045,46.42318978663164,64.95938628158845,66.72236918334418,52.834623614892735
OMN,64.39726446650052,63.05395735148557,81.83428504763214,56.87992913985274,85,81.88713511350873,71.58087228347222,62.45424852618204,55.56171292231317,63.36699503902433,55.77413099693768,62.74830232836703,32.62560484923047,79788768968.949,1.76356090437298,16521.1822816125,-1.68261063382033,29289.6076351054,141453662150.412,3.535397454689185,NA,4.96999979019165,NA,NA,0.605,139,71.03,13.615,0.0037552343188598752,-0.0036870135190496534,0,3.347558327668614e-5,1.5139755494986826,2.2111046170970722e-5,41.62426038544561,39.818035955498615,26.865678700930157,47.88658243080625,45.064395993553234,48.48660884643981
PAK,51.08047056566321,46.25882831663206,58.99665928614205,23.56763805072062,69.567125,58.20779259059095,39.9479547875,47.94436925646927,49.72296168107972,54.05997862135663,70.6891827862658,59.12907106849499,34.87408534270629,314567541558.339,5.83641749754401,1482.30566684338,3.68276203552507,4855.22966625928,1030352709282.1,4.286874537377443,33.5,4.65000009536743,5.653,67,0.55,148,247.425,1.203,6.883533165473226,0.33023282808322607,1.2316979410192208,0.061362425924087416,3.560508084387601,0.017234176828064024,36.10614846452738,32.79786720321931,43.13826265174207,39.19479542719614,25.210509903125356,40.18930713735402
PAN,61.0337092250204,50.85690998438689,68.30425990840473,47.5176169965113,89.805125,91.80503812995812,58.16680102777778,57.95137705756736,56.45544925442717,66.88373010045888,48.88378864870961,58.28612597522691,37.48828861681595,65128200000,3.69210086368123,15592.573678922001,1.95179809298513,31805.5379020532,132847692513.563,6.540873563621283,49.2,10.2299995422363,6.321,31,0.722,45,12.096,6.001,NA,NA,NA,NA,NA,NA,46.277780941478255,52.5810288397049,46.6891971635927,42.710439229843544,36.56639386884842,52.84184560540168
PRY,53.37832956926417,45.30414643140962,56.32442680434367,41.47113956064234,74.60575,78.00104010285467,51.76328431625,56.06563649699711,54.56789335988489,57.85677103517327,44.96034127344659,50.73923761069097,28.88028783947674,40384691790.5685,3.3561721532668,5805.67561638869,2.03363971689718,13163.5025265888,91566258183.631,4.870660295718099,46.2,7.6100001335144,5.743,63,0.672,104,8.103,1.663,NA,NA,NA,NA,NA,NA,49.70040902183644,67.56564940042273,52.701257896546274,41.58965102286402,30.70945364922181,55.93603314012735
PER,61.25914007569629,50.16285837799482,62.36260738253462,43.94110839547771,100,93.25641972102936,58.56189992069444,59.46933281122891,58.84860860204735,60.45201156405541,61.60539395304465,54.51378837478174,31.93565180546646,222044970486.217,3.97693571755005,6941.23584763012,2.20561703131051,13093.7552597423,418859489005.243,4.748376271626618,42.8,6.23999977111816,5.697,65,0.72,52,54.21,1.958,4.0220689778629835,0.14740882785417408,0.21704534213974003,0.0528620579156578,1.161487679543393,0.045512370769562584,49.92711074554299,61.359239436619724,52.49529753717566,45.49999999999999,40.70322577279406,49.577790981125474
PHL,62.12530699814722,48.29118295877257,59.42349237324993,54.77428784950136,90,67.63576860795936,62.8654354948611,56.92732055601028,64.47171720824801,67.9371657270587,70.15583602448127,65.79482118360222,37.22665599402171,346841896890.281,6.34148557153473,3252.09232413346,4.86713156624796,8723.54660904515,930383012511.248,6.439827071883682,44.4,3.35999989509583,5.631,69,0.799,8,138.924,1.475,14.277980146468462,0.020310342748838695,0.01984012877878527,0.15007918925465905,2.023979222294333,0.07415055826735859,44.7007585759666,39.910679082535566,55.76214554768104,40.842809867629356,31.865405966167515,55.122752415819534
POL,68.16262086420114,57.10376287598108,79.25923058247915,54.41577781139183,100,86.23691968488126,72.86138565180555,61.23362240653468,59.81880838513641,63.37396805384194,73.41745024929341,61.49380381127174,48.73672085779665,587411745161.558,5.353704746044,15468.4822194105,5.35391559355611,32987.7255832124,1252700632091.1,3.54331215233799,29.7,3.54999995231628,6.182,40,0.728,42,337.706,7.898,23.097,0.17126487752585695,0.15302196274704372,0.24698231990987302,4.276775196546642,0.05774966149946419,52.84261777860178,44.582066635558796,42.603844284033,53.13703369434417,58.31969077080383,65.57045350826908
PRT,70.20196920442977,63.8735141875966,83.27770014468945,67.09146654483115,85,95.34899139370658,69.92841017305554,61.90196026440204,64.6880158266791,68.41075945096196,60.12990075638565,69.70597118487103,53.06694052597798,242313116577.967,2.84932594937632,23562.5545228191,3.01412374468957,36034.1830181822,370569124074.409,0.668990538319633,33.8,7.19999980926514,5.693,66,0.732,37,51.482,5.524,18.56,0.08722771807893004,0.07400330420308499,0.17711164939818685,1.0428665402527284,0.16983155807766695,54.975040128041776,46.30940745275691,51.720120043531104,57.696299638989146,55.437926803579785,63.71144670135193
QAT,71.01880988454786,63.77554307387465,80.01796729679089,81.91550759840496,96.51050000000001,87.97252020409157,70.66969150347222,63.55486155832165,61.28432143522713,70.12835708184438,60.42487726542733,65.69854306448781,50.27302853263192,183334953813.209,1.23487219150027,65908.0669010848,-0.837844977287673,93186.2608097756,259214078410.554,6.238076535294947,NA,3.45000004768372,6.374,29,0.629,127,109.245,25.345,0.123208,-0.0036870135190495423,0,0.0010983228512904547,2.0229107717227754,5.429418176240605e-4,40.913753999619686,33.654441788890885,33.016868989437164,51.049187725631775,35.045489693352565,51.80278180078603
ROU,63.46435394670171,58.11843479118362,71.23637999671261,67.10726096143405,89.15902777777778,79.82704033904531,61.83778589597222,57.31434655891088,60.65669021121087,51.91834704575578,64.70106325721852,60.05880600402338,39.63706452117553,241457403085.042,4.47452377497343,12399.889335731,5.09015615536126,30174.1352597821,587567206682.193,2.9862029560836465,36,4.84000015258789,6.07,48,0.711,63,76.951,4.029,9.02285871787861,0.0538633427398314,0.7548449157501882,0.09606548545720547,1.370934104715461,0.07007301454298853,54.49752681074414,56.901266305066734,57.48373449048251,53.722132686700355,42.68859985564228,61.69190071582881
RUS,65.6237390752518,52.65682488179611,72.150618207067,72.1436645453129,87.54194444444445,68.46980675283845,68.45604172152778,54.23652770509368,59.48984738748705,54.78233322484792,83.9555949753331,62.94100344850395,50.6606616087693,1669583089322.96,2.53633130140389,11370.8134559314,2.5445897629142,28763.5166314767,4306248314875,1.9887663248725465,37.5,5.73000001907349,5.648,68,0.701,75,NA,NA,1.8201420000000001,0.3098169666848276,0.10187044984579807,0.0162254362638263,29.805021199350207,5.443859997717444e-4,49.94614746433409,62.361990651143174,38.76206411198766,41.978038507821886,51.502783469772666,55.12586058094504
RWA,50.93977450582555,64.44486294054067,50.81698458200321,27.14736201983773,71.81059722222224,60.85720907396626,40.87780903166667,56.62815988231323,62.13973631952598,54.88091813025622,33.83210073707899,60.57902309183308,27.26253103866224,9635951159.79293,8.57942454050658,783.287184222986,5.74619536936926,2139.63641282921,26321676632.8038,6.91165401192305,43.7,1.35000002384186,3.334,152,0.804,6,1.08,0.088,NA,NA,NA,NA,NA,NA,41.574032989684355,45.960686274812495,57.744915655052814,39.084085439229845,21.59492219677549,43.48555538255112
SAU,67.50169153178126,62.1834481087873,75.45054695046437,59.90975546008477,100,82.43129230144501,73.4329130888889,62.45501976263912,53.38385087139848,65.90720642118,76.26037349715892,51.24033024291249,47.36556167641588,786521831571.957,2.43411077754232,23338.9634580718,0.607923521071356,48756.192950207,1643081118343.75,3.807683739754071,NA,8.22000026702881,6.375,28,0.59,141,576.758,17.867,1.7810423903859423,3.6562768794727445,0.8924498187017607,0.015876887511183164,11.035533626504838,0.0014387059156840858,44.05127443943648,39.21662421679162,33.153239791896574,51.31182310469314,44.71428231741796,51.86040276638311
SEN,49.03375063340467,52.52531867997104,51.82215982504359,28.00273514915644,69.441375,55.91675815390531,42.52556264902778,54.3806843016733,55.58710332904535,51.65922383319367,41.06720768394522,54.31234576545386,31.16453323044052,23236007428.2582,6.3795565836490304,1465.59100640191,3.46093526161526,3395.53393124912,53834017338.2388,5.120476560399475,40.3,7.09999990463257,4.681,111,0.682,94,9.69,0.675,NA,NA,NA,NA,NA,NA,42.99439226278853,40.65901650546508,55.59072993851489,44.64515643802646,25.694205940971685,48.382852490964524
SRB,60.88244677292948,51.59583204726076,72.95129596038782,56.92720187887545,75,81.45383956850907,67.54291778569444,56.46182214359037,61.51432082935948,55.85855900545167,50.66012110084841,60.94401731563607,39.67943363954024,50640650221.4622,4.4951212927627,7252.40185773992,5.0675948814029,18295.7481785877,127751964414.799,1.6810929395783334,36.2,9.07999992370605,5.603,70,0.73,38,NA,NA,NA,NA,NA,NA,NA,NA,50.72486599774631,52.45505053897932,44.43228756109095,53.456678700360996,48.03361102570794,55.24670216259235
SYC,58.49842060103626,57.13409940277222,66.98763879023622,56.605446125247,75,77.96835948878376,69.26223043458333,60.12223213742433,67.82285208858566,53.55623455303222,16.39844163464157,57.61606416670671,43.50744839042199,1586008999.74841,3.75354119311118,16390.8249080053,2.76813882072872,28678.7724341871,2775015378.27682,4.806164335091731,46.8,NA,NA,NA,NA,NA,NA,NA,NA,NA,NA,NA,NA,NA,41.740359219041736,41.24976391683434,29.24026485889957,42.85295394594152,40.097029557561704,55.26178381597154
SLE,38.80016628171635,46.8670108631628,36.26747549889296,22.41299568271597,52.30981944444444,36.33680110199282,38.13401740736111,44.13442939497541,44.71925033206968,42.04459636932003,26.88923569371812,48.66662769002426,26.81973590191863,4085114794.22324,3.44616262140143,533.991184258936,1.25932772139537,1703.81022750066,13034410627.155,5.025541045268771,35.7,4.59999990463257,4.374,129,0.661,114,NA,NA,NA,NA,NA,NA,NA,NA,43.40183915238111,59.30914212100075,52.6955699195964,38.148944810286544,29.03301074872253,37.82252816229932
SGP,83.47791304680126,80.73755934813285,95.70355345309235,85.19873629150788,92.60843055555556,100,76.03122071430555,81.22964453419492,80.15459919764331,89.3386851603251,71.05347123129326,74.70081809623917,74.97823797932541,373217081850.534,3.43811104161446,66188.7793961798,2.95339703994944,100126.023553558,564578205986.881,5.345236770872072,NA,5.19000005722046,6.262,34,0.707,67,38.288,19.169,0.9511074080639957,0.05542367663042147,0.04955535653210896,0.008478532240668803,3.5496649250326766,0.0023885443893245087,50.31883984430248,28.642378613052,38.96153239791896,57.782502696276076,69.37971948803047,56.82806602623488
SVK,66.84123807145932,56.42601196678583,77.58222423150156,67.76387696814228,99.88055555555556,84.0038304687222,68.61235675222221,55.02896767659209,60.236090790143336,63.70956462041446,57.68143938160701,64.53301137927622,46.63692706654906,105701930962.982,3.76863150894924,19406.3475337924,3.62500297877126,32553.4072513065,177310954567.606,3.075875540558516,25.2,6.78999996185303,6.198,38,0.693,83,36.088,8.814,NA,NA,NA,NA,NA,NA,54.93212222861371,50.57505198662679,50.08592148825477,53.596478425986525,53.744788565286775,66.65837067691366
SVN,69.62221956997182,63.07875251353575,76.91035757600214,65.61162629983777,100,91.63675332144314,73.46759880777778,63.06467474329847,63.37157126851108,62.29390561827925,47.80785634136291,70.29203175474001,57.93150659487348,54161636034.6517,4.38450172090073,26115.9133661854,4.00670513635151,40143.7739437708,83253931919.3427,1.7649442347133981,24.2,5.17000007629395,6.118,44,0.784,11,14.488,8.946,NA,NA,NA,NA,NA,NA,55.90680692572464,49.33280292316726,43.118851195275255,59.5659104075697,59.39239516573915,68.12407493687179
ZAF,60.76155879311916,53.76321869749589,68.60919331314923,46.08576997708246,86.65540277777778,43.2183408247675,58.41475923055555,55.21478314609306,60.99911316721968,82.0877690172515,68.3637525198804,61.4066591419205,44.31994370423627,368288939768.322,0.787055570495099,6374.02819575944,-0.572080196712221,12938.4327330498,747577752588.042,1.8515371995012853,63,28.7399997711182,4.722,106,0.755,19,472.001,5.802,12.62824866992727,0.026552943334984702,0.36907136961483333,0.11590299920426765,5.400861300003174,0.021460095485918058,39.91656178259498,50.72775694812101,35.4797414472647,31.093110709987965,41.59324866933519,40.68895113826603
ESP,74.19627253963979,64.48347492502256,89.11748726521893,73.80918308702483,90,100,70.67017571847222,61.9638688792258,59.4528854432346,75.05098148726424,76.68700032975467,66.25830305375759,62.86191028670214,1422153839840.78,2.43004714546871,30389.3609902899,1.98240197894862,42005.2533458565,1965751512787.07,0.9564301648439592,34.7,15.6700000762939,6.354,30,0.746,29,269.654,6.159,77.49040673188183,0.10583819729440203,0.05418912191176717,0.745837717583895,5.721350389616255,0.13036043360279498,51.83451485174743,45.531282401646195,51.95527683082904,56.73889860061568,46.50439936991206,58.44271705573415
LKA,56.00353114432759,51.5202874382352,68.59710280472116,32.94666027306039,68.23680555555555,86.72058811417406,61.69872358194444,44.93808069036795,50.58578106170654,56.82152429289591,57.93885768239303,58.33038733651472,33.70757490036213,88425889592.1519,3.3064174132235,4080.56712469552,2.22901776692039,13177.98840102,285567008650.104,5.588956756443108,39.8,4.84000015258789,4.366,130,0.676,100,22.973,1.553,0.8264309110221952,0.07014993211758536,0.4703646406660329,0.007367118649669385,0.3586230378415623,0.02054279249322554,46.25397306028667,39.82113156166489,50.79845848326541,48.77572202166064,37.973490460181885,53.901062774660495
SWE,81.65535419181329,76.02244126963969,84.35602049790499,85.17021552524545,100,96.51263896065095,84.2361934475,68.84446169387087,71.08438230338314,88.95015796021599,65.0728711373133,79.8299313122122,79.78493619382292,555455371487.089,1.95002284569983,54589.0603860606,0.772577449000039,55243.3701464526,562113113321.367,2.6091701971186247,28.8,8.44999980926514,7.343,7,0.822,3,41.766,7.098,33.59175684026279,0.15697803362478302,0.08241140505736366,0.3609843561948494,2.241728640479378,0.16102946167367313,62.099853761725825,63.11978005422837,63.717265872705056,61.64590854392298,69.50483136060761,52.51148297716512
CHE,82.58582352688386,77.1123982704718,93.31481936954069,77.03455722948335,99.37430555555557,99.78816588437627,87.30070187999999,66.75590902044104,80.41157489650828,89.35622413978987,65.90290577444485,72.60006804867494,82.07825225331948,705140620046.7,2.75055377478878,82818.1081617471,1.996439228025,70877.786833578,603476795892.951,1.9565402182359366,32.7,4.94000005722046,7.48,6,0.755,20,36.895,14.054,4.143664805909568,0.06484061329681956,0.11004924020161799,0.044499713190410566,1.1301608230285884,0.03937467330637146,59.44008844947303,47.59547161227564,63.12850057650261,61.001052948255094,64.72559202983584,60.74982508049593
TJK,52.17773953633481,50.9439892102287,61.49486091812071,32.95776014666651,68.64022222222222,72.17038242189469,61.37510222597221,56.63195700896664,59.17604137023314,46.04382877232661,36.198764131439,53.10393493713361,27.39603107081358,7522947810.12326,7.30000028747864,826.621530538704,4.69946434079498,3313.51945778412,30155800481.6217,7.034698954415995,34,7.5,5.467,74,0.638,123,NA,NA,NA,NA,NA,NA,NA,NA,44.75083637312824,45.43392417369669,50.4452151978559,47.864584696956435,36.61952582967406,43.390931967458094
TZA,47.21001783467462,50.02374625065145,45.9797195026373,18.27103217972761,72.96619444444444,51.65602760741468,41.501816955,50.58079765120476,54.83268254014976,48.85405236170509,51.99001935408442,52.69630893654221,27.16781623253377,58001200572.3965,5.44496763189635,1060.99461489421,2.35283922112663,2651.09104726589,145034758446.373,6.364585845303187,40.5,2.16000008583069,3.231,153,0.704,71,11.502,0.37,NA,NA,NA,NA,NA,NA,43.39409021626788,56.179412474849116,62.94876241526091,35.880114320096276,23.429869485649075,38.53229238548401
THA,67.53037872273934,55.07236022241268,69.65808002065822,56.60266465441737,89.89791666666667,87.29734721940315,62.99119362305557,53.39684036340766,63.31880606625832,84.19336936491176,74.87699379053684,70.98346636507658,42.07550631606724,506514103905.268,4.15076208786206,7295.47561612095,3.82273796707413,18527.09537988,1286308886232.29,3.78315206685596,36.4,1.01999998092651,6.008,52,0.702,73,292.453,4.134,21.40367096700001,0.19789836105043013,0.2263168647426561,0.29097889709712044,5.614262252722575,0.05182851886835414,47.59878268649254,41.401833709493275,48.25792211887118,44.882972322503,51.05899437759388,52.392190904001325
TTO,57.88141248179745,49.69054628536568,58.04115216514709,53.2645674882308,87.78862499999995,73.48009914215532,62.64855718222222,52.41416404353514,60.19007176069055,66.79210568976681,39.96141500162723,56.80485541227098,33.50079061055769,23808146747.7994,-0.245213697183146,17129.9130902577,-0.660494390281372,26912.916949151,37405132925.1132,-0.15724745273399587,NA,6.73999977111816,6.192,39,0.723,44,37.866,18.434,0.004669990925118327,-0.0036870135190494313,-0.15297346273644608,4.1630070680284636e-5,0.7137201414325772,5.832828340352686e-5,40.752784055333684,38.509651240778005,38.78953176730253,41.0967208182912,36.15669565499868,49.211320795298015
TUN,55.60421699170266,51.96950725544723,62.4738421210867,45.08590693341954,65.73259722222222,83.16003398291842,61.42240043666666,51.66784670429356,46.43473614159141,56.09036355362534,52.72779634086271,57.768804889652,32.71676831864626,39770297328.9509,2.66445332282932,3438.78908914627,1.49480936027844,11025.9916056041,127517842221.099,2.041505725133021,32.8,16.6900005340576,4.461,124,0.648,119,30.357,2.427,NA,NA,NA,NA,NA,NA,41.88167425837562,28.461501006036208,45.24862052656471,43.90854392298435,44.902475062694734,46.887230773598105
TUR,61.59871156376618,52.89810927671685,72.6333260655436,53.54594244670049,67.37736111111111,86.24891955737093,60.45686350847223,55.18150623400214,51.23306629359156,59.87060805597675,78.54443927528185,57.18309863929387,44.01129830113264,778381859840.942,2.95896672404676,9455.59365384828,1.43579927072199,28831.9319342082,2373436679210.81,6.4121972336860376,41.9,13.9200000762939,5.373,79,0.628,130,419.195,5.266,45.33414012370379,0.1939617131277842,0.4094548371755429,0.41068358140276084,6.490251816401665,0.06327698724491905,46.30509103663221,40.859796453427585,38.87340375216774,42.84860507126126,53.83959620058183,55.104053705722635
UGA,46.80444749731611,47.85979881690644,43.20107869243419,24.50399104338658,71.64606944444444,44.83163167854687,40.89623447555556,48.70210737904201,59.79926517459792,48.47325112718858,46.41013998559826,55.54936737638803,29.78043477370447,32916147253.2718,6.16261913900348,770.452453254239,2.28450429678308,2173.95881909049,92878344808.2788,5.277838245526238,42.8,2.44000005722046,4.189,136,0.724,43,5.385,0.183,NA,NA,NA,NA,NA,NA,37.55044844597489,48.270545429742086,55.01876083871986,36.436672683513834,11.903943164838731,36.12232011305991
UKR,57.03007318950032,46.25827055409463,70.12202366942226,50.95474222913806,55.86388888888889,71.96861062991844,68.86041077,55.27561047919733,59.49560650901751,48.66982353211859,62.65108394801018,55.28980656495318,38.95100049924484,130901858421.72,3.40529852208769,3096.81740221352,3.93289796855672,12629.1416610826,534229292917.309,0.1436319847657495,26.1,9.47999954223633,4.332,133,0.708,65,231.694,4.976,5.037072552673899,0.9945990010079118,0.22591107538711097,0.04668197220285099,3.4053260786826103,0.01370851751762652,46.694989633520116,47.20390610328639,41.86347154343369,44.400571600481335,47.7081438242947,52.29885509610445
ARE,73.37190038467266,71.75920401171837,86.21758829151287,83.71930810125534,100,78.37997876285469,68.05369359874999,68.80893910822715,63.41982376179109,70.76718488473001,70.9796892833254,67.40513692072267,50.95225789118409,422215043584.969,1.18985564163665,43839.3563491413,-0.320549385279065,68599.6181782301,660680110090.189,3.7872945364814856,32.5,5,6.825,21,0.642,121,188.541,23.22,4.176367664832559,2.1484971099555694,0,0.037229725680768724,4.830231081961105,0.007707648981806729,44.526873670345836,33.60535050948923,33.44426927321456,54.70291817087847,45.23902970157849,55.64280069656842
GBR,81.9878667696146,76.80718828560829,89.0360968539737,71.14099618681314,100,93.90160393529845,80.21688524291666,68.67701193458481,76.46633707828903,87.8341417798162,81.6558934941098,78.96170702189843,79.15653942206663,2860667727551.97,1.34072060244353,43043.2278164551,0.728524264563106,48690.7851734308,3236006332256.31,1.9135590509039189,34.8,4.34000015258789,7.054,15,0.774,15,380.139,8.045,113.36367076941566,0.0805201933228985,0.19363108547070174,1.0801187768770335,7.840162196570501,0.13776740197409523,56.121812584162996,35.40333320243073,67.27469854926326,51.569193742478944,66.511791784764,59.85004564187802
USA,85.6411783749984,74.55511948413357,89.46658025698329,71.21262861569923,99.581875,86.53678886781155,86.3278070763889,73.81005755326927,81.8854613424947,92.11702887963283,99.1970467005452,86.48944436868089,86.51430235434125,20580159776000,2.92732573232968,62996.4712852605,2.39109953260726,62996.4712852608,20580159776000.1,2.2861321415817155,41.1,8.3100004196167,6.892,19,0.72,51,5424.882,17.632,489.8006048272196,0.08053132753045955,0.1248593165192815,5.82855474958802,94.64880403997982,0.06158085998768698,51.66869009113641,54.53260664792792,47.54051630669356,41.38913959085439,62.278740183268454,52.602447726937726
URY,62.68742020034674,63.177760219330096,68.7648116890166,78.06094566650874,83.797,87.2955521961797,65.32622773847221,55.17441278473854,58.12887066886798,55.28641611997642,44.5134317697738,56.31524764438672,36.4083659069101,59596885024.3487,1.62008362892945,17277.9701105496,1.2473125475715101,22116.7865960742,76287409889.0521,3.4057792218528324,39.7,12.6700000762939,6.293,33,0.715,56,6.252,3.342,NA,NA,NA,NA,NA,NA,51.99123468179231,62.2637038980956,63.29449488681464,46.42859275237356,32.36606986680512,55.60331200487259
VEN,43.17122638949896,27.31088243573968,47.4795970270863,42.58166593955173,0,83.00343689576626,60.19468800362343,39.16520035954408,46.12297459154499,54.00457756337976,59.28378956493794,27.6954584416106,31.21244585120277,NA,NA,NA,NA,NA,NA,1.1524597290220682,NA,9.14000034332275,4.707,108,0.709,64,129.596,5.246,0.15969844863913327,16.8853670016991,0,0.0014236125532107904,2.226839267469379,6.392973996855237e-4,44.75771480515026,64.16076999386618,48.56001098028565,32.93531889290011,40.4924510862769,37.640023072422444
VNM,58.05124559986512,49.53328903610567,65.44146968672997,43.3162877416966,75,80.97450228081064,54.31017133083333,52.10027525759,55.63093213597981,62.33168088055781,70.90469105104333,53.66114770687338,33.41050009016088,245213686369.157,7.07578861674985,2566.59694958511,6.01808839754494,7771.18941966516,742462506774.63,6.232731164843159,35.7,2.26999998092651,5.175,94,0.698,77,211.774,2.168,4.748161516365413,8.457898945918771,0.23576909886839692,0.042326912984887916,4.119141892164839,0.010275662769811206,45.79753607018226,46.76435014141818,39.18398234274002,45.906136995688286,40.62164680237261,56.51156406869221
YEM,36.39569426022771,29.46567067970364,33.52862190241658,17.60322343423962,53.65833333333333,49.986220011655,34.41519666972222,44.24548494761253,37.60745711603836,37.16971813566138,37.75851497463593,38.51888801939472,22.79100189831916,23486270352.3327,0.752598678967971,824.117628729094,-1.59439452372281,NA,NA,-4.408190681060928,36.7,13.4200000762939,3.38,151,0.499,149,NA,NA,NA,NA,NA,NA,NA,NA,34.93502002852543,34.10944708896608,56.07756582058962,28.190358002406732,25.353474902824566,30.944254327840156
ZMB,46.05040744066221,48.83108184667282,50.99449453952961,33.71107089255237,57.97891666666666,35.8173497975728,47.14175365527778,50.72408415036374,49.13693849942784,48.3417081788922,44.7517959615899,57.03233227972709,28.14336281967364,26312140828.64,4.03437823506192,1516.39066079862,1.04777193125449,3607.30444193771,62593304576.3125,5.27237906253151,57.1,12.1700000762939,4.107,138,0.65,116,6.93,0.576,NA,NA,NA,NA,NA,NA,41.0943503058968,57.7437818390605,61.80923853066371,35.34431407942237,14.477890988360778,36.096526091976635
ZWE,42.60869644201631,43.01840752912978,42.87968040147092,32.58448553161072,65.11043055555555,37.74779797029593,48.07123409944444,38.16879042236563,49.66168930117844,50.44609781604518,37.08028851757306,41.02998844784264,25.50546671168345,24311560500,4.82967359109212,1683.74057709465,3.36113794924368,3206.2770785762,46295492450.5491,7.4411708770192835,44.3,5.73000001907349,3.663,146,0.721,47,11.341,0.888,NA,NA,NA,NA,NA,NA,42.55070831587623,45.391490023106186,59.22118871196594,36.16410950661853,30.45902439125258,41.517728946437884
